kind	name	api	version	truncated_rejected	trailing_bytes_remaining
request	handshake-plain	17	0	true	1
request	handshake-scram-sha-256	17	0	true	1
request	handshake-scram-sha-512	17	0	true	1
request	handshake-oauthbearer	17	0	true	1
response	handshake-tls-enabled	17	0	true	1
response	handshake-plaintext-scram	17	0	true	1
response	handshake-library-error-33	17	0	true	1
response	handshake-library-error-34	17	0	true	1
request	handshake-plain	17	1	true	1
request	handshake-scram-sha-256	17	1	true	1
request	handshake-scram-sha-512	17	1	true	1
request	handshake-oauthbearer	17	1	true	1
response	handshake-tls-enabled	17	1	true	1
response	handshake-plaintext-scram	17	1	true	1
response	handshake-library-error-33	17	1	true	1
response	handshake-library-error-34	17	1	true	1
request	authenticate-plain	36	0	true	1
request	authenticate-empty	36	0	true	1
request	authenticate-sha256-first	36	0	true	1
request	authenticate-sha256-final	36	0	true	1
request	authenticate-sha512-first	36	0	true	1
request	authenticate-sha512-final	36	0	true	1
response	authenticate-plain	36	0	true	1
response	authenticate-sha256-challenge	36	0	true	1
response	authenticate-sha256-final	36	0	true	1
response	authenticate-sha512-challenge	36	0	true	1
response	authenticate-sha512-final	36	0	true	1
response	authenticate-library-error-58	36	0	true	1
response	authenticate-library-error-34	36	0	true	1
request	authenticate-plain	36	1	true	1
request	authenticate-empty	36	1	true	1
request	authenticate-sha256-first	36	1	true	1
request	authenticate-sha256-final	36	1	true	1
request	authenticate-sha512-first	36	1	true	1
request	authenticate-sha512-final	36	1	true	1
response	authenticate-plain	36	1	true	1
response	authenticate-sha256-challenge	36	1	true	1
response	authenticate-sha256-final	36	1	true	1
response	authenticate-sha512-challenge	36	1	true	1
response	authenticate-sha512-final	36	1	true	1
response	authenticate-library-error-58	36	1	true	1
response	authenticate-library-error-34	36	1	true	1
request	authenticate-plain	36	2	true	1
request	authenticate-empty	36	2	true	1
request	authenticate-sha256-first	36	2	true	1
request	authenticate-sha256-final	36	2	true	1
request	authenticate-sha512-first	36	2	true	1
request	authenticate-sha512-final	36	2	true	1
request	authenticate-unknown-tag	36	2	true	1
response	authenticate-plain	36	2	true	1
response	authenticate-sha256-challenge	36	2	true	1
response	authenticate-sha256-final	36	2	true	1
response	authenticate-sha512-challenge	36	2	true	1
response	authenticate-sha512-final	36	2	true	1
response	authenticate-library-error-58	36	2	true	1
response	authenticate-library-error-34	36	2	true	1
request	describe-null	50	0	true	1
request	describe-empty	50	0	true	1
request	describe-named	50	0	true	1
request	describe-duplicate	50	0	true	1
request	describe-unknown-tag	50	0	true	1
response	describe-metadata-only	50	0	true	1
response	describe-user-error-91	50	0	true	1
response	describe-user-error-92	50	0	true	1
response	describe-library-error-31	50	0	true	1
request	alter-upsert256	51	0	true	1
request	alter-upsert512	51	0	true	1
request	alter-both	51	0	true	1
request	alter-delete	51	0	true	1
request	alter-duplicate	51	0	true	1
request	alter-invalid-iterations	51	0	true	1
request	alter-empty-salt	51	0	true	1
request	alter-short-salted	51	0	true	1
request	alter-unknown-tag	51	0	true	1
response	alter-success	51	0	true	1
response	alter-library-error-31	51	0	true	1
response	alter-library-error-91	51	0	true	1
response	alter-library-error-92	51	0	true	1
response	alter-library-error-93	51	0	true	1
