valid-rsa2048	valid-rsa2048.jws	accept
valid-rsa4096	valid-rsa4096.jws	accept
valid-p256	valid-p256.jws	accept
valid-audience-array	valid-audience-array.jws	accept
valid-unicode-subject	valid-unicode-subject.jws	accept
valid-no-jti	valid-no-jti.jws	accept
valid-no-scope	valid-no-scope.jws	accept
valid-iat-skew-boundary	valid-iat-skew-boundary.jws	accept
valid-nbf-skew-boundary	valid-nbf-skew-boundary.jws	accept
valid-lifetime-boundary	valid-lifetime-boundary.jws	accept
valid-before-expiry	valid-before-expiry.jws	accept
wrong-issuer	wrong-issuer.jws	reject
wrong-audience	wrong-audience.jws	reject
audience-empty-array	audience-empty-array.jws	reject
audience-non-string	audience-non-string.jws	reject
audience-too-many	audience-too-many.jws	reject
subject-empty	subject-empty.jws	reject
subject-control	subject-control.jws	reject
subject-numeric	subject-numeric.jws	reject
subject-oversized	subject-oversized.jws	reject
jti-empty	jti-empty.jws	reject
jti-numeric	jti-numeric.jws	reject
expired	expired.jws	reject
iat-future	iat-future.jws	reject
nbf-future	nbf-future.jws	reject
nbf-equals-exp	nbf-equals-exp.jws	reject
iat-equals-exp	iat-equals-exp.jws	reject
lifetime-too-long	lifetime-too-long.jws	reject
exp-string	exp-string.jws	reject
exp-fractional	exp-fractional.jws	reject
iat-negative	iat-negative.jws	reject
nbf-string	nbf-string.jws	reject
at-expiry	at-expiry.jws	reject
missing-iss	missing-iss.jws	reject
missing-aud	missing-aud.jws	reject
missing-sub	missing-sub.jws	reject
missing-iat	missing-iat.jws	reject
missing-exp	missing-exp.jws	reject
wrong-type-JWT	wrong-type-JWT.jws	reject
wrong-type-id+jwt	wrong-type-id+jwt.jws	reject
wrong-type-empty	wrong-type-empty.jws	reject
wrong-type-7	wrong-type-7.jws	reject
missing-type	missing-type.jws	reject
alternative-valid-access	alternative-valid-access.jws	accept
alternative-id-token	alternative-id-token.jws	reject
alternative-missing-discriminator	alternative-missing-discriminator.jws	reject
unknown-key	unknown-key.jws	reject
algorithm-key-confusion	algorithm-key-confusion.jws	reject
unsupported-algorithm	unsupported-algorithm.jws	reject
none-algorithm	none-algorithm.jws	reject
forbidden-header-crit	forbidden-header-crit.jws	reject
forbidden-header-jku	forbidden-header-jku.jws	reject
forbidden-header-jwk	forbidden-header-jwk.jws	reject
forbidden-header-x5u	forbidden-header-x5u.jws	reject
forbidden-header-b64	forbidden-header-b64.jws	reject
duplicate-header	duplicate-header.jws	reject
duplicate-claim	duplicate-claim.jws	reject
escaped-duplicate-claim	escaped-duplicate-claim.jws	reject
malformed-header	malformed-header.jws	reject
malformed-payload	malformed-payload.jws	reject
array-payload	array-payload.jws	reject
nested-payload	nested-payload.jws	reject
oversized-header	oversized-header.jws	reject
oversized-token	oversized-token.jws	reject
tampered-signature-rsa	tampered-signature-rsa.jws	reject
tampered-signature-ec	tampered-signature-ec.jws	reject
ec-der-signature	ec-der-signature.jws	reject
padded-header	padded-header.jws	reject
padded-proof	padded-proof.jws	reject
trailing-segment	trailing-segment.jws	reject
