name	kind	message_hex	accepted
canonical-first	client-first	6e2c2c6e3d757365722c723d6e6f6e6365	true
canonical-first-escaped	client-first	6e2c2c6e3d6573636170653d3243757365723d33446f6b2c723d6e6f6e6365	true
canonical-self-authzid	client-first	6e2c613d757365722c6e3d757365722c723d6e6f6e6365	true
canonical-first-invalid-escape	client-first	6e2c2c6e3d6261643d32582c723d6e6f6e6365	false
canonical-first-empty-nonce	client-first	6e2c2c6e3d757365722c723d	false
canonical-first-comma-nonce	client-first	6e2c2c6e3d757365722c723d6261642c6e6f6e6365	false
canonical-first-binding-y	client-first	792c2c6e3d757365722c723d6e6f6e6365	false
canonical-first-binding-p	client-first	703d746c732d7365727665722d656e642d706f696e742c2c6e3d757365722c723d6e6f6e6365	false
hardening-first-m	client-first	6e2c2c6d3d72657175697265642c6e3d757365722c723d6e6f6e6365	true
hardening-first-duplicate-n	client-first	6e2c2c6e3d757365722c723d6e6f6e63652c6e3d6f74686572	true
hardening-first-duplicate-r	client-first	6e2c2c6e3d757365722c723d6e6f6e63652c723d6f74686572	true
canonical-server-first	server-first	723d6e6f6e63657365727665722c733d41414543417751464267634943516f4c4441304f44773d3d2c693d34303936	true
canonical-server-first-zero	server-first	723d6e6f6e63657365727665722c733d41413d3d2c693d30	false
canonical-server-first-negative	server-first	723d6e6f6e63657365727665722c733d41413d3d2c693d2d31	false
canonical-server-first-overflow	server-first	723d6e6f6e63657365727665722c733d41413d3d2c693d32313437343833363438	false
canonical-server-first-bad-base64	server-first	723d6e6f6e63657365727665722c733d25252c693d34303936	false
hardening-server-first-one	server-first	723d6e6f6e63657365727665722c733d41413d3d2c693d31	true
hardening-server-first-large	server-first	723d6e6f6e63657365727665722c733d41413d3d2c693d3136333835	true
hardening-server-first-empty-salt	server-first	723d6e6f6e63657365727665722c733d2c693d34303936	true
hardening-server-first-m	server-first	6d3d72657175697265642c723d6e6f6e63657365727665722c733d41413d3d2c693d34303936	true
hardening-server-first-duplicate-i	server-first	723d6e6f6e63657365727665722c733d41413d3d2c693d343039362c693d31	true
canonical-client-final	client-final	633d626977732c723d6e6f6e63657365727665722c703d41413d3d	true
canonical-final-bad-base64	client-final	633d626977732c723d6e6f6e63657365727665722c703d252525	false
canonical-final-empty-nonce	client-final	633d626977732c723d2c703d41413d3d	false
hardening-final-empty-proof	client-final	633d626977732c723d6e6f6e63657365727665722c703d	true
hardening-final-empty-binding	client-final	633d2c723d6e6f6e63657365727665722c703d41413d3d	true
hardening-final-y-binding	client-final	633d655377732c723d6e6f6e63657365727665722c703d41413d3d	true
hardening-final-duplicate-r	client-final	633d626977732c723d6e6f6e63657365727665722c723d6f746865722c703d41413d3d	true
hardening-final-duplicate-p	client-final	633d626977732c723d6e6f6e63657365727665722c703d41513d3d2c703d41413d3d	true
canonical-server-final	server-final	763d41413d3d	true
canonical-server-error	server-final	653d696e76616c69642d70726f6f66	true
canonical-server-both	server-final	653d696e76616c69642d70726f6f662c763d41413d3d	false
canonical-server-bad-base64	server-final	763d252525	false
hardening-server-empty-signature	server-final	763d	true
hardening-server-duplicate-v	server-final	763d41413d3d2c763d41513d3d	true
canonical-first-invalid-utf8	client-first	6e2c2c6e3dff2c723d61	false
