kind	name	api	version	header_version	correlation	error_code	body_hex	payload_hex	frame_hex
request	handshake-plain	17	0	1	1001	-1	0005504c41494e	00110000000003e900127075626c69632d776972652d6f7261636c650005504c41494e	0000002300110000000003e900127075626c69632d776972652d6f7261636c650005504c41494e
request	handshake-scram-sha-256	17	0	1	1002	-1	000d534352414d2d5348412d323536	00110000000003ea00127075626c69632d776972652d6f7261636c65000d534352414d2d5348412d323536	0000002b00110000000003ea00127075626c69632d776972652d6f7261636c65000d534352414d2d5348412d323536
request	handshake-scram-sha-512	17	0	1	1003	-1	000d534352414d2d5348412d353132	00110000000003eb00127075626c69632d776972652d6f7261636c65000d534352414d2d5348412d353132	0000002b00110000000003eb00127075626c69632d776972652d6f7261636c65000d534352414d2d5348412d353132
request	handshake-oauthbearer	17	0	1	1004	-1	000b4f41555448424541524552	00110000000003ec00127075626c69632d776972652d6f7261636c65000b4f41555448424541524552	0000002900110000000003ec00127075626c69632d776972652d6f7261636c65000b4f41555448424541524552
response	handshake-tls-enabled	17	0	0	1005	0	0000000000030005504c41494e000d534352414d2d5348412d323536000d534352414d2d5348412d353132	000003ed0000000000030005504c41494e000d534352414d2d5348412d323536000d534352414d2d5348412d353132	0000002f000003ed0000000000030005504c41494e000d534352414d2d5348412d323536000d534352414d2d5348412d353132
response	handshake-plaintext-scram	17	0	0	1006	0	000000000002000d534352414d2d5348412d323536000d534352414d2d5348412d353132	000003ee000000000002000d534352414d2d5348412d323536000d534352414d2d5348412d353132	00000028000003ee000000000002000d534352414d2d5348412d323536000d534352414d2d5348412d353132
response	handshake-library-error-33	17	0	0	1007	33	002100000000	000003ef002100000000	0000000a000003ef002100000000
response	handshake-library-error-34	17	0	0	1008	34	002200000000	000003f0002200000000	0000000a000003f0002200000000
request	handshake-plain	17	1	1	1009	-1	0005504c41494e	00110001000003f100127075626c69632d776972652d6f7261636c650005504c41494e	0000002300110001000003f100127075626c69632d776972652d6f7261636c650005504c41494e
request	handshake-scram-sha-256	17	1	1	1010	-1	000d534352414d2d5348412d323536	00110001000003f200127075626c69632d776972652d6f7261636c65000d534352414d2d5348412d323536	0000002b00110001000003f200127075626c69632d776972652d6f7261636c65000d534352414d2d5348412d323536
request	handshake-scram-sha-512	17	1	1	1011	-1	000d534352414d2d5348412d353132	00110001000003f300127075626c69632d776972652d6f7261636c65000d534352414d2d5348412d353132	0000002b00110001000003f300127075626c69632d776972652d6f7261636c65000d534352414d2d5348412d353132
request	handshake-oauthbearer	17	1	1	1012	-1	000b4f41555448424541524552	00110001000003f400127075626c69632d776972652d6f7261636c65000b4f41555448424541524552	0000002900110001000003f400127075626c69632d776972652d6f7261636c65000b4f41555448424541524552
response	handshake-tls-enabled	17	1	0	1013	0	0000000000030005504c41494e000d534352414d2d5348412d323536000d534352414d2d5348412d353132	000003f50000000000030005504c41494e000d534352414d2d5348412d323536000d534352414d2d5348412d353132	0000002f000003f50000000000030005504c41494e000d534352414d2d5348412d323536000d534352414d2d5348412d353132
response	handshake-plaintext-scram	17	1	0	1014	0	000000000002000d534352414d2d5348412d323536000d534352414d2d5348412d353132	000003f6000000000002000d534352414d2d5348412d323536000d534352414d2d5348412d353132	00000028000003f6000000000002000d534352414d2d5348412d323536000d534352414d2d5348412d353132
response	handshake-library-error-33	17	1	0	1015	33	002100000000	000003f7002100000000	0000000a000003f7002100000000
response	handshake-library-error-34	17	1	0	1016	34	002200000000	000003f8002200000000	0000000a000003f8002200000000
request	authenticate-plain	36	0	1	1017	-1	0000000c00757365720070656e63696c	00240000000003f900127075626c69632d776972652d6f7261636c650000000c00757365720070656e63696c	0000002c00240000000003f900127075626c69632d776972652d6f7261636c650000000c00757365720070656e63696c
request	authenticate-empty	36	0	1	1018	-1	00000000	00240000000003fa00127075626c69632d776972652d6f7261636c6500000000	0000002000240000000003fa00127075626c69632d776972652d6f7261636c6500000000
request	authenticate-sha256-first	36	0	1	1019	-1	000000276e2c2c6e3d757365722c723d7075626c6963436c69656e744e6f6e636530313233343536373839	00240000000003fb00127075626c69632d776972652d6f7261636c65000000276e2c2c6e3d757365722c723d7075626c6963436c69656e744e6f6e636530313233343536373839	0000004700240000000003fb00127075626c69632d776972652d6f7261636c65000000276e2c2c6e3d757365722c723d7075626c6963436c69656e744e6f6e636530313233343536373839
request	authenticate-sha256-final	36	0	1	1020	-1	0000006c633d626977732c723d7075626c6963436c69656e744e6f6e636530313233343536373839683664363435346e6e32763733793262373179307476706b682c703d44786c7139684775386d646477704a33534a4b6b686d70504f664262305075623355374f66567233777a733d	00240000000003fc00127075626c69632d776972652d6f7261636c650000006c633d626977732c723d7075626c6963436c69656e744e6f6e636530313233343536373839683664363435346e6e32763733793262373179307476706b682c703d44786c7139684775386d646477704a33534a4b6b686d70504f664262305075623355374f66567233777a733d	0000008c00240000000003fc00127075626c69632d776972652d6f7261636c650000006c633d626977732c723d7075626c6963436c69656e744e6f6e636530313233343536373839683664363435346e6e32763733793262373179307476706b682c703d44786c7139684775386d646477704a33534a4b6b686d70504f664262305075623355374f66567233777a733d
request	authenticate-sha512-first	36	0	1	1021	-1	000000276e2c2c6e3d757365722c723d7075626c6963436c69656e744e6f6e636530313233343536373839	00240000000003fd00127075626c69632d776972652d6f7261636c65000000276e2c2c6e3d757365722c723d7075626c6963436c69656e744e6f6e636530313233343536373839	0000004700240000000003fd00127075626c69632d776972652d6f7261636c65000000276e2c2c6e3d757365722c723d7075626c6963436c69656e744e6f6e636530313233343536373839
request	authenticate-sha512-final	36	0	1	1022	-1	00000098633d626977732c723d7075626c6963436c69656e744e6f6e636530313233343536373839683664363435346e6e32763733793262373179307476706b682c703d676b4b565a75364c65674378456c586877634b4f51776454756f68707762796a426e513258596b4d6a7a4e3965387747766257425175574e6d43506f4f346d63315453634765543450327a51555856616144536935773d3d	00240000000003fe00127075626c69632d776972652d6f7261636c6500000098633d626977732c723d7075626c6963436c69656e744e6f6e636530313233343536373839683664363435346e6e32763733793262373179307476706b682c703d676b4b565a75364c65674378456c586877634b4f51776454756f68707762796a426e513258596b4d6a7a4e3965387747766257425175574e6d43506f4f346d63315453634765543450327a51555856616144536935773d3d	000000b800240000000003fe00127075626c69632d776972652d6f7261636c6500000098633d626977732c723d7075626c6963436c69656e744e6f6e636530313233343536373839683664363435346e6e32763733793262373179307476706b682c703d676b4b565a75364c65674378456c586877634b4f51776454756f68707762796a426e513258596b4d6a7a4e3965387747766257425175574e6d43506f4f346d63315453634765543450327a51555856616144536935773d3d
response	authenticate-plain	36	0	0	1023	0	0000000000000000	000003ff0000000000000000	0000000c000003ff0000000000000000
response	authenticate-sha256-challenge	36	0	0	1024	0	0000000000000058723d7075626c6963436c69656e744e6f6e636530313233343536373839683664363435346e6e32763733793262373179307476706b682c733d41414543417751464267634943516f4c4441304f44773d3d2c693d34303936	000004000000000000000058723d7075626c6963436c69656e744e6f6e636530313233343536373839683664363435346e6e32763733793262373179307476706b682c733d41414543417751464267634943516f4c4441304f44773d3d2c693d34303936	00000064000004000000000000000058723d7075626c6963436c69656e744e6f6e636530313233343536373839683664363435346e6e32763733793262373179307476706b682c733d41414543417751464267634943516f4c4441304f44773d3d2c693d34303936
response	authenticate-sha256-final	36	0	0	1025	0	000000000000002e763d59526c4d6c79565865574e49522f4879615579684c66634778614d4a63707239354d635353742b423363553d	00000401000000000000002e763d59526c4d6c79565865574e49522f4879615579684c66634778614d4a63707239354d635353742b423363553d	0000003a00000401000000000000002e763d59526c4d6c79565865574e49522f4879615579684c66634778614d4a63707239354d635353742b423363553d
response	authenticate-sha512-challenge	36	0	0	1026	0	0000000000000058723d7075626c6963436c69656e744e6f6e636530313233343536373839683664363435346e6e32763733793262373179307476706b682c733d41414543417751464267634943516f4c4441304f44773d3d2c693d34303936	000004020000000000000058723d7075626c6963436c69656e744e6f6e636530313233343536373839683664363435346e6e32763733793262373179307476706b682c733d41414543417751464267634943516f4c4441304f44773d3d2c693d34303936	00000064000004020000000000000058723d7075626c6963436c69656e744e6f6e636530313233343536373839683664363435346e6e32763733793262373179307476706b682c733d41414543417751464267634943516f4c4441304f44773d3d2c693d34303936
response	authenticate-sha512-final	36	0	0	1027	0	000000000000005a763d6a6844464a4175453832542f43774e52554969586b616c44584c4c556a73705661597436326674463644324f68727164695a5a75444e544c563173376f554a784a53355275563674353265443365516c4f732f3367413d3d	00000403000000000000005a763d6a6844464a4175453832542f43774e52554969586b616c44584c4c556a73705661597436326674463644324f68727164695a5a75444e544c563173376f554a784a53355275563674353265443365516c4f732f3367413d3d	0000006600000403000000000000005a763d6a6844464a4175453832542f43774e52554969586b616c44584c4c556a73705661597436326674463644324f68727164695a5a75444e544c563173376f554a784a53355275563674353265443365516c4f732f3367413d3d
response	authenticate-library-error-58	36	0	0	1028	58	003a00147075626c69632066697874757265206572726f7200000000	00000404003a00147075626c69632066697874757265206572726f7200000000	0000002000000404003a00147075626c69632066697874757265206572726f7200000000
response	authenticate-library-error-34	36	0	0	1029	34	002200147075626c69632066697874757265206572726f7200000000	00000405002200147075626c69632066697874757265206572726f7200000000	0000002000000405002200147075626c69632066697874757265206572726f7200000000
request	authenticate-plain	36	1	1	1030	-1	0000000c00757365720070656e63696c	002400010000040600127075626c69632d776972652d6f7261636c650000000c00757365720070656e63696c	0000002c002400010000040600127075626c69632d776972652d6f7261636c650000000c00757365720070656e63696c
request	authenticate-empty	36	1	1	1031	-1	00000000	002400010000040700127075626c69632d776972652d6f7261636c6500000000	00000020002400010000040700127075626c69632d776972652d6f7261636c6500000000
request	authenticate-sha256-first	36	1	1	1032	-1	000000276e2c2c6e3d757365722c723d7075626c6963436c69656e744e6f6e636530313233343536373839	002400010000040800127075626c69632d776972652d6f7261636c65000000276e2c2c6e3d757365722c723d7075626c6963436c69656e744e6f6e636530313233343536373839	00000047002400010000040800127075626c69632d776972652d6f7261636c65000000276e2c2c6e3d757365722c723d7075626c6963436c69656e744e6f6e636530313233343536373839
request	authenticate-sha256-final	36	1	1	1033	-1	0000006c633d626977732c723d7075626c6963436c69656e744e6f6e636530313233343536373839683664363435346e6e32763733793262373179307476706b682c703d44786c7139684775386d646477704a33534a4b6b686d70504f664262305075623355374f66567233777a733d	002400010000040900127075626c69632d776972652d6f7261636c650000006c633d626977732c723d7075626c6963436c69656e744e6f6e636530313233343536373839683664363435346e6e32763733793262373179307476706b682c703d44786c7139684775386d646477704a33534a4b6b686d70504f664262305075623355374f66567233777a733d	0000008c002400010000040900127075626c69632d776972652d6f7261636c650000006c633d626977732c723d7075626c6963436c69656e744e6f6e636530313233343536373839683664363435346e6e32763733793262373179307476706b682c703d44786c7139684775386d646477704a33534a4b6b686d70504f664262305075623355374f66567233777a733d
request	authenticate-sha512-first	36	1	1	1034	-1	000000276e2c2c6e3d757365722c723d7075626c6963436c69656e744e6f6e636530313233343536373839	002400010000040a00127075626c69632d776972652d6f7261636c65000000276e2c2c6e3d757365722c723d7075626c6963436c69656e744e6f6e636530313233343536373839	00000047002400010000040a00127075626c69632d776972652d6f7261636c65000000276e2c2c6e3d757365722c723d7075626c6963436c69656e744e6f6e636530313233343536373839
request	authenticate-sha512-final	36	1	1	1035	-1	00000098633d626977732c723d7075626c6963436c69656e744e6f6e636530313233343536373839683664363435346e6e32763733793262373179307476706b682c703d676b4b565a75364c65674378456c586877634b4f51776454756f68707762796a426e513258596b4d6a7a4e3965387747766257425175574e6d43506f4f346d63315453634765543450327a51555856616144536935773d3d	002400010000040b00127075626c69632d776972652d6f7261636c6500000098633d626977732c723d7075626c6963436c69656e744e6f6e636530313233343536373839683664363435346e6e32763733793262373179307476706b682c703d676b4b565a75364c65674378456c586877634b4f51776454756f68707762796a426e513258596b4d6a7a4e3965387747766257425175574e6d43506f4f346d63315453634765543450327a51555856616144536935773d3d	000000b8002400010000040b00127075626c69632d776972652d6f7261636c6500000098633d626977732c723d7075626c6963436c69656e744e6f6e636530313233343536373839683664363435346e6e32763733793262373179307476706b682c703d676b4b565a75364c65674378456c586877634b4f51776454756f68707762796a426e513258596b4d6a7a4e3965387747766257425175574e6d43506f4f346d63315453634765543450327a51555856616144536935773d3d
response	authenticate-plain	36	1	0	1036	0	00000000000000000000000000000000	0000040c00000000000000000000000000000000	000000140000040c00000000000000000000000000000000
response	authenticate-sha256-challenge	36	1	0	1037	0	0000000000000058723d7075626c6963436c69656e744e6f6e636530313233343536373839683664363435346e6e32763733793262373179307476706b682c733d41414543417751464267634943516f4c4441304f44773d3d2c693d343039360000000000000000	0000040d0000000000000058723d7075626c6963436c69656e744e6f6e636530313233343536373839683664363435346e6e32763733793262373179307476706b682c733d41414543417751464267634943516f4c4441304f44773d3d2c693d343039360000000000000000	0000006c0000040d0000000000000058723d7075626c6963436c69656e744e6f6e636530313233343536373839683664363435346e6e32763733793262373179307476706b682c733d41414543417751464267634943516f4c4441304f44773d3d2c693d343039360000000000000000
response	authenticate-sha256-final	36	1	0	1038	0	000000000000002e763d59526c4d6c79565865574e49522f4879615579684c66634778614d4a63707239354d635353742b423363553d0000000000000000	0000040e000000000000002e763d59526c4d6c79565865574e49522f4879615579684c66634778614d4a63707239354d635353742b423363553d0000000000000000	000000420000040e000000000000002e763d59526c4d6c79565865574e49522f4879615579684c66634778614d4a63707239354d635353742b423363553d0000000000000000
response	authenticate-sha512-challenge	36	1	0	1039	0	0000000000000058723d7075626c6963436c69656e744e6f6e636530313233343536373839683664363435346e6e32763733793262373179307476706b682c733d41414543417751464267634943516f4c4441304f44773d3d2c693d343039360000000000000000	0000040f0000000000000058723d7075626c6963436c69656e744e6f6e636530313233343536373839683664363435346e6e32763733793262373179307476706b682c733d41414543417751464267634943516f4c4441304f44773d3d2c693d343039360000000000000000	0000006c0000040f0000000000000058723d7075626c6963436c69656e744e6f6e636530313233343536373839683664363435346e6e32763733793262373179307476706b682c733d41414543417751464267634943516f4c4441304f44773d3d2c693d343039360000000000000000
response	authenticate-sha512-final	36	1	0	1040	0	000000000000005a763d6a6844464a4175453832542f43774e52554969586b616c44584c4c556a73705661597436326674463644324f68727164695a5a75444e544c563173376f554a784a53355275563674353265443365516c4f732f3367413d3d0000000000000000	00000410000000000000005a763d6a6844464a4175453832542f43774e52554969586b616c44584c4c556a73705661597436326674463644324f68727164695a5a75444e544c563173376f554a784a53355275563674353265443365516c4f732f3367413d3d0000000000000000	0000006e00000410000000000000005a763d6a6844464a4175453832542f43774e52554969586b616c44584c4c556a73705661597436326674463644324f68727164695a5a75444e544c563173376f554a784a53355275563674353265443365516c4f732f3367413d3d0000000000000000
response	authenticate-library-error-58	36	1	0	1041	58	003a00147075626c69632066697874757265206572726f72000000000000000000000000	00000411003a00147075626c69632066697874757265206572726f72000000000000000000000000	0000002800000411003a00147075626c69632066697874757265206572726f72000000000000000000000000
response	authenticate-library-error-34	36	1	0	1042	34	002200147075626c69632066697874757265206572726f72000000000000000000000000	00000412002200147075626c69632066697874757265206572726f72000000000000000000000000	0000002800000412002200147075626c69632066697874757265206572726f72000000000000000000000000
request	authenticate-plain	36	2	2	1043	-1	0d00757365720070656e63696c00	002400020000041300127075626c69632d776972652d6f7261636c65000d00757365720070656e63696c00	0000002b002400020000041300127075626c69632d776972652d6f7261636c65000d00757365720070656e63696c00
request	authenticate-empty	36	2	2	1044	-1	0100	002400020000041400127075626c69632d776972652d6f7261636c65000100	0000001f002400020000041400127075626c69632d776972652d6f7261636c65000100
request	authenticate-sha256-first	36	2	2	1045	-1	286e2c2c6e3d757365722c723d7075626c6963436c69656e744e6f6e63653031323334353637383900	002400020000041500127075626c69632d776972652d6f7261636c6500286e2c2c6e3d757365722c723d7075626c6963436c69656e744e6f6e63653031323334353637383900	00000046002400020000041500127075626c69632d776972652d6f7261636c6500286e2c2c6e3d757365722c723d7075626c6963436c69656e744e6f6e63653031323334353637383900
request	authenticate-sha256-final	36	2	2	1046	-1	6d633d626977732c723d7075626c6963436c69656e744e6f6e636530313233343536373839683664363435346e6e32763733793262373179307476706b682c703d44786c7139684775386d646477704a33534a4b6b686d70504f664262305075623355374f66567233777a733d00	002400020000041600127075626c69632d776972652d6f7261636c65006d633d626977732c723d7075626c6963436c69656e744e6f6e636530313233343536373839683664363435346e6e32763733793262373179307476706b682c703d44786c7139684775386d646477704a33534a4b6b686d70504f664262305075623355374f66567233777a733d00	0000008b002400020000041600127075626c69632d776972652d6f7261636c65006d633d626977732c723d7075626c6963436c69656e744e6f6e636530313233343536373839683664363435346e6e32763733793262373179307476706b682c703d44786c7139684775386d646477704a33534a4b6b686d70504f664262305075623355374f66567233777a733d00
request	authenticate-sha512-first	36	2	2	1047	-1	286e2c2c6e3d757365722c723d7075626c6963436c69656e744e6f6e63653031323334353637383900	002400020000041700127075626c69632d776972652d6f7261636c6500286e2c2c6e3d757365722c723d7075626c6963436c69656e744e6f6e63653031323334353637383900	00000046002400020000041700127075626c69632d776972652d6f7261636c6500286e2c2c6e3d757365722c723d7075626c6963436c69656e744e6f6e63653031323334353637383900
request	authenticate-sha512-final	36	2	2	1048	-1	9901633d626977732c723d7075626c6963436c69656e744e6f6e636530313233343536373839683664363435346e6e32763733793262373179307476706b682c703d676b4b565a75364c65674378456c586877634b4f51776454756f68707762796a426e513258596b4d6a7a4e3965387747766257425175574e6d43506f4f346d63315453634765543450327a51555856616144536935773d3d00	002400020000041800127075626c69632d776972652d6f7261636c65009901633d626977732c723d7075626c6963436c69656e744e6f6e636530313233343536373839683664363435346e6e32763733793262373179307476706b682c703d676b4b565a75364c65674378456c586877634b4f51776454756f68707762796a426e513258596b4d6a7a4e3965387747766257425175574e6d43506f4f346d63315453634765543450327a51555856616144536935773d3d00	000000b8002400020000041800127075626c69632d776972652d6f7261636c65009901633d626977732c723d7075626c6963436c69656e744e6f6e636530313233343536373839683664363435346e6e32763733793262373179307476706b682c703d676b4b565a75364c65674378456c586877634b4f51776454756f68707762796a426e513258596b4d6a7a4e3965387747766257425175574e6d43506f4f346d63315453634765543450327a51555856616144536935773d3d00
request	authenticate-unknown-tag	36	2	2	1049	-1	286e2c2c6e3d757365722c723d7075626c6963436c69656e744e6f6e636530313233343536373839010903010203	002400020000041900127075626c69632d776972652d6f7261636c6500286e2c2c6e3d757365722c723d7075626c6963436c69656e744e6f6e636530313233343536373839010903010203	0000004b002400020000041900127075626c69632d776972652d6f7261636c6500286e2c2c6e3d757365722c723d7075626c6963436c69656e744e6f6e636530313233343536373839010903010203
response	authenticate-plain	36	2	1	1050	0	00000101000000000000000000	0000041a0000000101000000000000000000	000000120000041a0000000101000000000000000000
response	authenticate-sha256-challenge	36	2	1	1051	0	00000159723d7075626c6963436c69656e744e6f6e636530313233343536373839683664363435346e6e32763733793262373179307476706b682c733d41414543417751464267634943516f4c4441304f44773d3d2c693d34303936000000000000000000	0000041b0000000159723d7075626c6963436c69656e744e6f6e636530313233343536373839683664363435346e6e32763733793262373179307476706b682c733d41414543417751464267634943516f4c4441304f44773d3d2c693d34303936000000000000000000	0000006a0000041b0000000159723d7075626c6963436c69656e744e6f6e636530313233343536373839683664363435346e6e32763733793262373179307476706b682c733d41414543417751464267634943516f4c4441304f44773d3d2c693d34303936000000000000000000
response	authenticate-sha256-final	36	2	1	1052	0	0000012f763d59526c4d6c79565865574e49522f4879615579684c66634778614d4a63707239354d635353742b423363553d000000000000000000	0000041c000000012f763d59526c4d6c79565865574e49522f4879615579684c66634778614d4a63707239354d635353742b423363553d000000000000000000	000000400000041c000000012f763d59526c4d6c79565865574e49522f4879615579684c66634778614d4a63707239354d635353742b423363553d000000000000000000
response	authenticate-sha512-challenge	36	2	1	1053	0	00000159723d7075626c6963436c69656e744e6f6e636530313233343536373839683664363435346e6e32763733793262373179307476706b682c733d41414543417751464267634943516f4c4441304f44773d3d2c693d34303936000000000000000000	0000041d0000000159723d7075626c6963436c69656e744e6f6e636530313233343536373839683664363435346e6e32763733793262373179307476706b682c733d41414543417751464267634943516f4c4441304f44773d3d2c693d34303936000000000000000000	0000006a0000041d0000000159723d7075626c6963436c69656e744e6f6e636530313233343536373839683664363435346e6e32763733793262373179307476706b682c733d41414543417751464267634943516f4c4441304f44773d3d2c693d34303936000000000000000000
response	authenticate-sha512-final	36	2	1	1054	0	0000015b763d6a6844464a4175453832542f43774e52554969586b616c44584c4c556a73705661597436326674463644324f68727164695a5a75444e544c563173376f554a784a53355275563674353265443365516c4f732f3367413d3d000000000000000000	0000041e000000015b763d6a6844464a4175453832542f43774e52554969586b616c44584c4c556a73705661597436326674463644324f68727164695a5a75444e544c563173376f554a784a53355275563674353265443365516c4f732f3367413d3d000000000000000000	0000006c0000041e000000015b763d6a6844464a4175453832542f43774e52554969586b616c44584c4c556a73705661597436326674463644324f68727164695a5a75444e544c563173376f554a784a53355275563674353265443365516c4f732f3367413d3d000000000000000000
response	authenticate-library-error-58	36	2	1	1055	58	003a157075626c69632066697874757265206572726f7201000000000000000000	0000041f00003a157075626c69632066697874757265206572726f7201000000000000000000	000000260000041f00003a157075626c69632066697874757265206572726f7201000000000000000000
response	authenticate-library-error-34	36	2	1	1056	34	0022157075626c69632066697874757265206572726f7201000000000000000000	00000420000022157075626c69632066697874757265206572726f7201000000000000000000	0000002600000420000022157075626c69632066697874757265206572726f7201000000000000000000
request	describe-null	50	0	2	1057	-1	0000	003200000000042100127075626c69632d776972652d6f7261636c65000000	0000001f003200000000042100127075626c69632d776972652d6f7261636c65000000
request	describe-empty	50	0	2	1058	-1	0100	003200000000042200127075626c69632d776972652d6f7261636c65000100	0000001f003200000000042200127075626c69632d776972652d6f7261636c65000100
request	describe-named	50	0	2	1059	-1	03057573657200086d697373696e670000	003200000000042300127075626c69632d776972652d6f7261636c650003057573657200086d697373696e670000	0000002e003200000000042300127075626c69632d776972652d6f7261636c650003057573657200086d697373696e670000
request	describe-duplicate	50	0	2	1060	-1	0305757365720005757365720000	003200000000042400127075626c69632d776972652d6f7261636c65000305757365720005757365720000	0000002b003200000000042400127075626c69632d776972652d6f7261636c65000305757365720005757365720000
request	describe-unknown-tag	50	0	2	1061	-1	03057573657200086d697373696e67000107012a	003200000000042500127075626c69632d776972652d6f7261636c650003057573657200086d697373696e67000107012a	00000031003200000000042500127075626c69632d776972652d6f7261636c650003057573657200086d697373696e67000107012a
response	describe-metadata-only	50	0	1	1062	0	00000000000001020575736572000001030100001000000200002000000000	000004260000000000000001020575736572000001030100001000000200002000000000	00000024000004260000000000000001020575736572000001030100001000000200002000000000
response	describe-user-error-91	50	0	1	1063	91	00000000000001020575736572005b157075626c69632066697874757265206572726f72010000	000004270000000000000001020575736572005b157075626c69632066697874757265206572726f72010000	0000002c000004270000000000000001020575736572005b157075626c69632066697874757265206572726f72010000
response	describe-user-error-92	50	0	1	1064	92	00000000000001020575736572005c157075626c69632066697874757265206572726f72010000	000004280000000000000001020575736572005c157075626c69632066697874757265206572726f72010000	0000002c000004280000000000000001020575736572005c157075626c69632066697874757265206572726f72010000
response	describe-library-error-31	50	0	1	1065	31	00000000001f157075626c69632066697874757265206572726f720301001f157075626c69632066697874757265206572726f72010001001f157075626c69632066697874757265206572726f72010000	000004290000000000001f157075626c69632066697874757265206572726f720301001f157075626c69632066697874757265206572726f72010001001f157075626c69632066697874757265206572726f72010000	00000056000004290000000000001f157075626c69632066697874757265206572726f720301001f157075626c69632066697874757265206572726f72010001001f157075626c69632066697874757265206572726f72010000
request	alter-upsert256	51	0	2	1066	-1	01020575736572010000100011000102030405060708090a0b0c0d0e0f21fa4a659650be8cdb832674044595e914d7d85c564f6ee2f522dc6969a64be4e90000	003300000000042a00127075626c69632d776972652d6f7261636c650001020575736572010000100011000102030405060708090a0b0c0d0e0f21fa4a659650be8cdb832674044595e914d7d85c564f6ee2f522dc6969a64be4e90000	0000005d003300000000042a00127075626c69632d776972652d6f7261636c650001020575736572010000100011000102030405060708090a0b0c0d0e0f21fa4a659650be8cdb832674044595e914d7d85c564f6ee2f522dc6969a64be4e90000
request	alter-upsert512	51	0	2	1067	-1	01020575736572020000100011000102030405060708090a0b0c0d0e0f41f064426ccf85776d2d78578090604cf7c73f17554f4a7551cbdf24cec1538e443929def15cf2f589fb41994394407173251c67784c2f6fb7ab9f1576f36d97160000	003300000000042b00127075626c69632d776972652d6f7261636c650001020575736572020000100011000102030405060708090a0b0c0d0e0f41f064426ccf85776d2d78578090604cf7c73f17554f4a7551cbdf24cec1538e443929def15cf2f589fb41994394407173251c67784c2f6fb7ab9f1576f36d97160000	0000007d003300000000042b00127075626c69632d776972652d6f7261636c650001020575736572020000100011000102030405060708090a0b0c0d0e0f41f064426ccf85776d2d78578090604cf7c73f17554f4a7551cbdf24cec1538e443929def15cf2f589fb41994394407173251c67784c2f6fb7ab9f1576f36d97160000
request	alter-both	51	0	2	1068	-1	01030575736572010000100011000102030405060708090a0b0c0d0e0f21fa4a659650be8cdb832674044595e914d7d85c564f6ee2f522dc6969a64be4e9000575736572020000100011000102030405060708090a0b0c0d0e0f41f064426ccf85776d2d78578090604cf7c73f17554f4a7551cbdf24cec1538e443929def15cf2f589fb41994394407173251c67784c2f6fb7ab9f1576f36d97160000	003300000000042c00127075626c69632d776972652d6f7261636c650001030575736572010000100011000102030405060708090a0b0c0d0e0f21fa4a659650be8cdb832674044595e914d7d85c564f6ee2f522dc6969a64be4e9000575736572020000100011000102030405060708090a0b0c0d0e0f41f064426ccf85776d2d78578090604cf7c73f17554f4a7551cbdf24cec1538e443929def15cf2f589fb41994394407173251c67784c2f6fb7ab9f1576f36d97160000	000000ba003300000000042c00127075626c69632d776972652d6f7261636c650001030575736572010000100011000102030405060708090a0b0c0d0e0f21fa4a659650be8cdb832674044595e914d7d85c564f6ee2f522dc6969a64be4e9000575736572020000100011000102030405060708090a0b0c0d0e0f41f064426ccf85776d2d78578090604cf7c73f17554f4a7551cbdf24cec1538e443929def15cf2f589fb41994394407173251c67784c2f6fb7ab9f1576f36d97160000
request	alter-delete	51	0	2	1069	-1	02057573657201000100	003300000000042d00127075626c69632d776972652d6f7261636c650002057573657201000100	00000027003300000000042d00127075626c69632d776972652d6f7261636c650002057573657201000100
request	alter-duplicate	51	0	2	1070	-1	01030575736572010000100011000102030405060708090a0b0c0d0e0f21fa4a659650be8cdb832674044595e914d7d85c564f6ee2f522dc6969a64be4e9000575736572010000100011000102030405060708090a0b0c0d0e0f21fa4a659650be8cdb832674044595e914d7d85c564f6ee2f522dc6969a64be4e90000	003300000000042e00127075626c69632d776972652d6f7261636c650001030575736572010000100011000102030405060708090a0b0c0d0e0f21fa4a659650be8cdb832674044595e914d7d85c564f6ee2f522dc6969a64be4e9000575736572010000100011000102030405060708090a0b0c0d0e0f21fa4a659650be8cdb832674044595e914d7d85c564f6ee2f522dc6969a64be4e90000	0000009a003300000000042e00127075626c69632d776972652d6f7261636c650001030575736572010000100011000102030405060708090a0b0c0d0e0f21fa4a659650be8cdb832674044595e914d7d85c564f6ee2f522dc6969a64be4e9000575736572010000100011000102030405060708090a0b0c0d0e0f21fa4a659650be8cdb832674044595e914d7d85c564f6ee2f522dc6969a64be4e90000
request	alter-invalid-iterations	51	0	2	1071	-1	01020575736572010000000111000102030405060708090a0b0c0d0e0f21fa4a659650be8cdb832674044595e914d7d85c564f6ee2f522dc6969a64be4e90000	003300000000042f00127075626c69632d776972652d6f7261636c650001020575736572010000000111000102030405060708090a0b0c0d0e0f21fa4a659650be8cdb832674044595e914d7d85c564f6ee2f522dc6969a64be4e90000	0000005d003300000000042f00127075626c69632d776972652d6f7261636c650001020575736572010000000111000102030405060708090a0b0c0d0e0f21fa4a659650be8cdb832674044595e914d7d85c564f6ee2f522dc6969a64be4e90000
request	alter-empty-salt	51	0	2	1072	-1	0102057573657201000010000121fa4a659650be8cdb832674044595e914d7d85c564f6ee2f522dc6969a64be4e90000	003300000000043000127075626c69632d776972652d6f7261636c65000102057573657201000010000121fa4a659650be8cdb832674044595e914d7d85c564f6ee2f522dc6969a64be4e90000	0000004d003300000000043000127075626c69632d776972652d6f7261636c65000102057573657201000010000121fa4a659650be8cdb832674044595e914d7d85c564f6ee2f522dc6969a64be4e90000
request	alter-short-salted	51	0	2	1073	-1	01020575736572010000100011000102030405060708090a0b0c0d0e0f022a0000	003300000000043100127075626c69632d776972652d6f7261636c650001020575736572010000100011000102030405060708090a0b0c0d0e0f022a0000	0000003e003300000000043100127075626c69632d776972652d6f7261636c650001020575736572010000100011000102030405060708090a0b0c0d0e0f022a0000
request	alter-unknown-tag	51	0	2	1074	-1	01020575736572010000100011000102030405060708090a0b0c0d0e0f21fa4a659650be8cdb832674044595e914d7d85c564f6ee2f522dc6969a64be4e900010d020405	003300000000043200127075626c69632d776972652d6f7261636c650001020575736572010000100011000102030405060708090a0b0c0d0e0f21fa4a659650be8cdb832674044595e914d7d85c564f6ee2f522dc6969a64be4e900010d020405	00000061003300000000043200127075626c69632d776972652d6f7261636c650001020575736572010000100011000102030405060708090a0b0c0d0e0f21fa4a659650be8cdb832674044595e914d7d85c564f6ee2f522dc6969a64be4e900010d020405
response	alter-success	51	0	1	1075	0	000000000205757365720000010000	0000043300000000000205757365720000010000	000000140000043300000000000205757365720000010000
response	alter-library-error-31	51	0	1	1076	31	00000000020575736572001f157075626c69632066697874757265206572726f720000	000004340000000000020575736572001f157075626c69632066697874757265206572726f720000	00000028000004340000000000020575736572001f157075626c69632066697874757265206572726f720000
response	alter-library-error-91	51	0	1	1077	91	00000000020575736572005b157075626c69632066697874757265206572726f720000	000004350000000000020575736572005b157075626c69632066697874757265206572726f720000	00000028000004350000000000020575736572005b157075626c69632066697874757265206572726f720000
response	alter-library-error-92	51	0	1	1078	92	00000000020575736572005c157075626c69632066697874757265206572726f720000	000004360000000000020575736572005c157075626c69632066697874757265206572726f720000	00000028000004360000000000020575736572005c157075626c69632066697874757265206572726f720000
response	alter-library-error-93	51	0	1	1079	93	00000000020575736572005d157075626c69632066697874757265206572726f720000	000004370000000000020575736572005d157075626c69632066697874757265206572726f720000	00000028000004370000000000020575736572005d157075626c69632066697874757265206572726f720000
