name	mechanism	password_hex	salt_hex	iterations	client_first_hex	server_first_hex	client_final_hex	server_final_hex	stored_key_hex	server_key_hex	server_accepted
canonical-basic	SCRAM-SHA-256	70656e63696c	000102030405060708090a0b0c0d0e0f	4096	6e2c2c6e3d757365722c723d7075626c6963436c69656e744e6f6e636530313233343536373839	723d7075626c6963436c69656e744e6f6e636530313233343536373839683664363435346e6e32763733793262373179307476706b682c733d41414543417751464267634943516f4c4441304f44773d3d2c693d34303936	633d626977732c723d7075626c6963436c69656e744e6f6e636530313233343536373839683664363435346e6e32763733793262373179307476706b682c703d44786c7139684775386d646477704a33534a4b6b686d70504f664262305075623355374f66567233777a733d	763d59526c4d6c79565865574e49522f4879615579684c66634778614d4a63707239354d635353742b423363553d	cc709da25db4e38fd9c96ccf2e2ee8c40a4291a98ac3d67e13853f400a5dff96	75de697813a2b559cb345bbb566c0ff8788369ac383940afdfde9e5425a16221	true
canonical-escaped	SCRAM-SHA-256	70656e63696c	000102030405060708090a0b0c0d0e0f	4096	6e2c2c6e3d6573636170653d3243757365723d33446f6b2c723d7075626c6963436c69656e744e6f6e636530313233343536373839	723d7075626c6963436c69656e744e6f6e636530313233343536373839683664363435346e6e32763733793262373179307476706b682c733d41414543417751464267634943516f4c4441304f44773d3d2c693d34303936	633d626977732c723d7075626c6963436c69656e744e6f6e636530313233343536373839683664363435346e6e32763733793262373179307476706b682c703d536f567a48772b4f78744633794858736c413834596c796d364e7a784e7144634779322b4c737a495965343d	763d432b6e7353754f6c37664861396f55796f48636b344c42314c7a6b7442557871696432416441356232564d3d	cc709da25db4e38fd9c96ccf2e2ee8c40a4291a98ac3d67e13853f400a5dff96	75de697813a2b559cb345bbb566c0ff8788369ac383940afdfde9e5425a16221	true
canonical-self-authzid	SCRAM-SHA-256	70656e63696c	000102030405060708090a0b0c0d0e0f	4096	6e2c613d757365722c6e3d757365722c723d7075626c6963436c69656e744e6f6e636530313233343536373839	723d7075626c6963436c69656e744e6f6e636530313233343536373839683664363435346e6e32763733793262373179307476706b682c733d41414543417751464267634943516f4c4441304f44773d3d2c693d34303936	633d626978685058567a5a5849732c723d7075626c6963436c69656e744e6f6e636530313233343536373839683664363435346e6e32763733793262373179307476706b682c703d49736c694230544b2f7045393172634c79426674506e7633446d372f2f66384969686d4a435647593752633d	763d63686b3344412f35676e765833794f344347793044545331794d35765455586b49644a416a35576b4e56733d	cc709da25db4e38fd9c96ccf2e2ee8c40a4291a98ac3d67e13853f400a5dff96	75de697813a2b559cb345bbb566c0ff8788369ac383940afdfde9e5425a16221	true
canonical-iterations-max	SCRAM-SHA-256	70656e63696c	000102030405060708090a0b0c0d0e0f	16384	6e2c2c6e3d757365722c723d7075626c6963436c69656e744e6f6e636530313233343536373839	723d7075626c6963436c69656e744e6f6e636530313233343536373839683664363435346e6e32763733793262373179307476706b682c733d41414543417751464267634943516f4c4441304f44773d3d2c693d3136333834	633d626977732c723d7075626c6963436c69656e744e6f6e636530313233343536373839683664363435346e6e32763733793262373179307476706b682c703d303558774c673359772b786d693044496557306f4f6546316e36643865343941534466566d506e677657773d	763d4a747a557a756153693052772b70644252535a39462b5966594d33686c487573744c7a424b7136755268633d	823b71042b8e24d5304858b161dc2e11c526e4a5c24e3d328f10e7c12de16f29	d94cff886b045af22ae7f5998099f43068805339df497b71b1307c590f50c923	true
canonical-wrong-password	SCRAM-SHA-256	70656e63696c	000102030405060708090a0b0c0d0e0f	4096	6e2c2c6e3d757365722c723d7075626c6963436c69656e744e6f6e636530313233343536373839	723d7075626c6963436c69656e744e6f6e636530313233343536373839683664363435346e6e32763733793262373179307476706b682c733d41414543417751464267634943516f4c4441304f44773d3d2c693d34303936	633d626977732c723d7075626c6963436c69656e744e6f6e636530313233343536373839683664363435346e6e32763733793262373179307476706b682c703d6d76676777444645595467486a4f4b6d456b726e4261506d4577587a7a46564d6c6e5446693865343663453d		cc709da25db4e38fd9c96ccf2e2ee8c40a4291a98ac3d67e13853f400a5dff96	75de697813a2b559cb345bbb566c0ff8788369ac383940afdfde9e5425a16221	false
canonical-proof-bitflip	SCRAM-SHA-256	70656e63696c	000102030405060708090a0b0c0d0e0f	4096	6e2c2c6e3d757365722c723d7075626c6963436c69656e744e6f6e636530313233343536373839	723d7075626c6963436c69656e744e6f6e636530313233343536373839683664363435346e6e32763733793262373179307476706b682c733d41414543417751464267634943516f4c4441304f44773d3d2c693d34303936	633d626977732c723d7075626c6963436c69656e744e6f6e636530313233343536373839683664363435346e6e32763733793262373179307476706b682c703d44686c7139684775386d646477704a33534a4b6b686d70504f664262305075623355374f66567233777a733d		cc709da25db4e38fd9c96ccf2e2ee8c40a4291a98ac3d67e13853f400a5dff96	75de697813a2b559cb345bbb566c0ff8788369ac383940afdfde9e5425a16221	false
canonical-proof-short	SCRAM-SHA-256	70656e63696c	000102030405060708090a0b0c0d0e0f	4096	6e2c2c6e3d757365722c723d7075626c6963436c69656e744e6f6e636530313233343536373839	723d7075626c6963436c69656e744e6f6e636530313233343536373839683664363435346e6e32763733793262373179307476706b682c733d41414543417751464267634943516f4c4441304f44773d3d2c693d34303936	633d626977732c723d7075626c6963436c69656e744e6f6e636530313233343536373839683664363435346e6e32763733793262373179307476706b682c703d41413d3d		cc709da25db4e38fd9c96ccf2e2ee8c40a4291a98ac3d67e13853f400a5dff96	75de697813a2b559cb345bbb566c0ff8788369ac383940afdfde9e5425a16221	false
canonical-wrong-final-nonce	SCRAM-SHA-256	70656e63696c	000102030405060708090a0b0c0d0e0f	4096	6e2c2c6e3d757365722c723d7075626c6963436c69656e744e6f6e636530313233343536373839	723d7075626c6963436c69656e744e6f6e636530313233343536373839683664363435346e6e32763733793262373179307476706b682c733d41414543417751464267634943516f4c4441304f44773d3d2c693d34303936	633d626977732c723d7075626c6963436c69656e744e6f6e636530313233343536373839683664363435346e6e32763733793262373179307476706b6877726f6e672c703d44786c7139684775386d646477704a33534a4b6b686d70504f664262305075623355374f66567233777a733d		cc709da25db4e38fd9c96ccf2e2ee8c40a4291a98ac3d67e13853f400a5dff96	75de697813a2b559cb345bbb566c0ff8788369ac383940afdfde9e5425a16221	false
canonical-proof-invalid-base64	SCRAM-SHA-256	70656e63696c	000102030405060708090a0b0c0d0e0f	4096	6e2c2c6e3d757365722c723d7075626c6963436c69656e744e6f6e636530313233343536373839	723d7075626c6963436c69656e744e6f6e636530313233343536373839683664363435346e6e32763733793262373179307476706b682c733d41414543417751464267634943516f4c4441304f44773d3d2c693d34303936	633d626977732c723d7075626c6963436c69656e744e6f6e636530313233343536373839683664363435346e6e32763733793262373179307476706b682c703d25252544786c7139684775386d646477704a33534a4b6b686d70504f664262305075623355374f66567233777a733d		cc709da25db4e38fd9c96ccf2e2ee8c40a4291a98ac3d67e13853f400a5dff96	75de697813a2b559cb345bbb566c0ff8788369ac383940afdfde9e5425a16221	false
canonical-unknown-user	SCRAM-SHA-256	70656e63696c	000102030405060708090a0b0c0d0e0f	4096	6e2c2c6e3d6d697373696e672c723d7075626c6963436c69656e744e6f6e636530313233343536373839				cc709da25db4e38fd9c96ccf2e2ee8c40a4291a98ac3d67e13853f400a5dff96	75de697813a2b559cb345bbb566c0ff8788369ac383940afdfde9e5425a16221	false
canonical-empty-user	SCRAM-SHA-256	70656e63696c	000102030405060708090a0b0c0d0e0f	4096	6e2c2c6e3d2c723d7075626c6963436c69656e744e6f6e636530313233343536373839				cc709da25db4e38fd9c96ccf2e2ee8c40a4291a98ac3d67e13853f400a5dff96	75de697813a2b559cb345bbb566c0ff8788369ac383940afdfde9e5425a16221	false
canonical-invalid-escape	SCRAM-SHA-256	70656e63696c	000102030405060708090a0b0c0d0e0f	4096	6e2c2c6e3d6261643d32586e616d652c723d7075626c6963436c69656e744e6f6e636530313233343536373839				cc709da25db4e38fd9c96ccf2e2ee8c40a4291a98ac3d67e13853f400a5dff96	75de697813a2b559cb345bbb566c0ff8788369ac383940afdfde9e5425a16221	false
canonical-unsupported-binding	SCRAM-SHA-256	70656e63696c	000102030405060708090a0b0c0d0e0f	4096	703d746c732d7365727665722d656e642d706f696e742c2c6e3d757365722c723d7075626c6963436c69656e744e6f6e636530313233343536373839				cc709da25db4e38fd9c96ccf2e2ee8c40a4291a98ac3d67e13853f400a5dff96	75de697813a2b559cb345bbb566c0ff8788369ac383940afdfde9e5425a16221	false
canonical-other-authzid	SCRAM-SHA-256	70656e63696c	000102030405060708090a0b0c0d0e0f	4096	6e2c613d6f746865722c6e3d757365722c723d7075626c6963436c69656e744e6f6e636530313233343536373839				cc709da25db4e38fd9c96ccf2e2ee8c40a4291a98ac3d67e13853f400a5dff96	75de697813a2b559cb345bbb566c0ff8788369ac383940afdfde9e5425a16221	false
canonical-binding-unresigned	SCRAM-SHA-256	70656e63696c	000102030405060708090a0b0c0d0e0f	4096	6e2c2c6e3d757365722c723d7075626c6963436c69656e744e6f6e636530313233343536373839	723d7075626c6963436c69656e744e6f6e636530313233343536373839683664363435346e6e32763733793262373179307476706b682c733d41414543417751464267634943516f4c4441304f44773d3d2c693d34303936	633d655377732c723d7075626c6963436c69656e744e6f6e636530313233343536373839683664363435346e6e32763733793262373179307476706b682c703d44786c7139684775386d646477704a33534a4b6b686d70504f664262305075623355374f66567233777a733d		cc709da25db4e38fd9c96ccf2e2ee8c40a4291a98ac3d67e13853f400a5dff96	75de697813a2b559cb345bbb566c0ff8788369ac383940afdfde9e5425a16221	false
canonical-iterations-low	SCRAM-SHA-256	70656e63696c	000102030405060708090a0b0c0d0e0f	4095	6e2c2c6e3d757365722c723d7075626c6963436c69656e744e6f6e636530313233343536373839				19c60803cf81ecb9ac0f9db96fa1e7b37141c4c5e9ff3a36b96d116322b1abcf	53d288ee1faabcd381976ab07616b6146b1ff60ebb947dd74dd3b3897d3b8110	false
hardening-m	SCRAM-SHA-256	70656e63696c	000102030405060708090a0b0c0d0e0f	4096	6e2c2c6d3d72657175697265642c6e3d757365722c723d7075626c6963436c69656e744e6f6e636530313233343536373839	723d7075626c6963436c69656e744e6f6e636530313233343536373839683664363435346e6e32763733793262373179307476706b682c733d41414543417751464267634943516f4c4441304f44773d3d2c693d34303936	633d626977732c723d7075626c6963436c69656e744e6f6e636530313233343536373839683664363435346e6e32763733793262373179307476706b682c703d44786c7139684775386d646477704a33534a4b6b686d70504f664262305075623355374f66567233777a733d	763d59526c4d6c79565865574e49522f4879615579684c66634778614d4a63707239354d635353742b423363553d	cc709da25db4e38fd9c96ccf2e2ee8c40a4291a98ac3d67e13853f400a5dff96	75de697813a2b559cb345bbb566c0ff8788369ac383940afdfde9e5425a16221	true
hardening-first-duplicate	SCRAM-SHA-256	70656e63696c	000102030405060708090a0b0c0d0e0f	4096	6e2c2c6e3d757365722c723d7075626c6963436c69656e744e6f6e6365303132333435363738392c6e3d6f74686572	723d7075626c6963436c69656e744e6f6e636530313233343536373839683664363435346e6e32763733793262373179307476706b682c733d41414543417751464267634943516f4c4441304f44773d3d2c693d34303936	633d626977732c723d7075626c6963436c69656e744e6f6e636530313233343536373839683664363435346e6e32763733793262373179307476706b682c703d77395776416d64746a6d4545376132454f6f416d62332b703545516d6d7a4d586151474f426469425061513d	763d5a3366534c3950687731552b3359494b346130666d396e6e7576644f54615a37462b5539587146465859593d	cc709da25db4e38fd9c96ccf2e2ee8c40a4291a98ac3d67e13853f400a5dff96	75de697813a2b559cb345bbb566c0ff8788369ac383940afdfde9e5425a16221	true
hardening-final-duplicate	SCRAM-SHA-256	70656e63696c	000102030405060708090a0b0c0d0e0f	4096	6e2c2c6e3d757365722c723d7075626c6963436c69656e744e6f6e636530313233343536373839	723d7075626c6963436c69656e744e6f6e636530313233343536373839683664363435346e6e32763733793262373179307476706b682c733d41414543417751464267634943516f4c4441304f44773d3d2c693d34303936	633d626977732c723d7075626c6963436c69656e744e6f6e636530313233343536373839683664363435346e6e32763733793262373179307476706b682c723d6475706c69636174652c703d44786c7139684775386d646477704a33534a4b6b686d70504f664262305075623355374f66567233777a733d	763d59526c4d6c79565865574e49522f4879615579684c66634778614d4a63707239354d635353742b423363553d	cc709da25db4e38fd9c96ccf2e2ee8c40a4291a98ac3d67e13853f400a5dff96	75de697813a2b559cb345bbb566c0ff8788369ac383940afdfde9e5425a16221	true
hardening-binding-resigned	SCRAM-SHA-256	70656e63696c	000102030405060708090a0b0c0d0e0f	4096	6e2c2c6e3d757365722c723d7075626c6963436c69656e744e6f6e636530313233343536373839	723d7075626c6963436c69656e744e6f6e636530313233343536373839683664363435346e6e32763733793262373179307476706b682c733d41414543417751464267634943516f4c4441304f44773d3d2c693d34303936	633d655377732c723d7075626c6963436c69656e744e6f6e636530313233343536373839683664363435346e6e32763733793262373179307476706b682c703d415556594d5444554b2f6876486f44517a5434596658482f4a6e754f587a4c70744378596e5231614741553d	763d6b566d78344e30624645496166317653644f4d6a3778687071362b3863706a3749533075724c555158654d3d	cc709da25db4e38fd9c96ccf2e2ee8c40a4291a98ac3d67e13853f400a5dff96	75de697813a2b559cb345bbb566c0ff8788369ac383940afdfde9e5425a16221	true
hardening-final-extension	SCRAM-SHA-256	70656e63696c	000102030405060708090a0b0c0d0e0f	4096	6e2c2c6e3d757365722c723d7075626c6963436c69656e744e6f6e636530313233343536373839	723d7075626c6963436c69656e744e6f6e636530313233343536373839683664363435346e6e32763733793262373179307476706b682c733d41414543417751464267634943516f4c4441304f44773d3d2c693d34303936	633d626977732c723d7075626c6963436c69656e744e6f6e636530313233343536373839683664363435346e6e32763733793262373179307476706b682c783d61646465642c703d44786c7139684775386d646477704a33534a4b6b686d70504f664262305075623355374f66567233777a733d	763d59526c4d6c79565865574e49522f4879615579684c66634778614d4a63707239354d635353742b423363553d	cc709da25db4e38fd9c96ccf2e2ee8c40a4291a98ac3d67e13853f400a5dff96	75de697813a2b559cb345bbb566c0ff8788369ac383940afdfde9e5425a16221	true
hardening-iterations-above-max	SCRAM-SHA-256	70656e63696c	000102030405060708090a0b0c0d0e0f	16385	6e2c2c6e3d757365722c723d7075626c6963436c69656e744e6f6e636530313233343536373839	723d7075626c6963436c69656e744e6f6e636530313233343536373839683664363435346e6e32763733793262373179307476706b682c733d41414543417751464267634943516f4c4441304f44773d3d2c693d3136333835	633d626977732c723d7075626c6963436c69656e744e6f6e636530313233343536373839683664363435346e6e32763733793262373179307476706b682c703d3277307a37426d5337775a535a4834494f6c744942624a4c6e633036453362525862636a464f78375662553d	763d6667412f2b434d464165684b585079707438425176304c6733387a59784c466f2f6b71504e58723758696f3d	1763fd0b23e7b4f7e6030d2943310a3c454b545e2831c7fa6c7bc45c12bec473	3875bb7adca2624a930a98e0564e946860d68dbe6497c7ade48a976442adf78c	true
canonical-utf8-password	SCRAM-SHA-256	70c3a47373f09f92ab	000102030405060708090a0b0c0d0e0f	4096	6e2c2c6e3d757365722c723d7075626c6963436c69656e744e6f6e636530313233343536373839	723d7075626c6963436c69656e744e6f6e636530313233343536373839683664363435346e6e32763733793262373179307476706b682c733d41414543417751464267634943516f4c4441304f44773d3d2c693d34303936	633d626977732c723d7075626c6963436c69656e744e6f6e636530313233343536373839683664363435346e6e32763733793262373179307476706b682c703d50684d466a31536446527a534e596148665937423477725169513478576f515a4f427a4f466a4f6c5945673d	763d333731783942556157776f417758724e3748532b4a72473165674663383279396631666442744f465061383d	2ff11e0de81b84145a0dbf0e53b011c52c301734e8f3de277265b13f683ebb1b	a6401af943e2c0b49013827b8fa1311f8be512dfe1f94d97b2fd3da6db792e8a	true
canonical-utf8-username	SCRAM-SHA-256	70c3a47373f09f92ab	000102030405060708090a0b0c0d0e0f	4096	6e2c2c6e3de794a8e688b72c723d7075626c6963436c69656e744e6f6e636530313233343536373839				2ff11e0de81b84145a0dbf0e53b011c52c301734e8f3de277265b13f683ebb1b	a6401af943e2c0b49013827b8fa1311f8be512dfe1f94d97b2fd3da6db792e8a	false
canonical-basic	SCRAM-SHA-512	70656e63696c	000102030405060708090a0b0c0d0e0f	4096	6e2c2c6e3d757365722c723d7075626c6963436c69656e744e6f6e636530313233343536373839	723d7075626c6963436c69656e744e6f6e636530313233343536373839683664363435346e6e32763733793262373179307476706b682c733d41414543417751464267634943516f4c4441304f44773d3d2c693d34303936	633d626977732c723d7075626c6963436c69656e744e6f6e636530313233343536373839683664363435346e6e32763733793262373179307476706b682c703d676b4b565a75364c65674378456c586877634b4f51776454756f68707762796a426e513258596b4d6a7a4e3965387747766257425175574e6d43506f4f346d63315453634765543450327a51555856616144536935773d3d	763d6a6844464a4175453832542f43774e52554969586b616c44584c4c556a73705661597436326674463644324f68727164695a5a75444e544c563173376f554a784a53355275563674353265443365516c4f732f3367413d3d	0c1ace8892c956465e33f958063ca7f0793f2d0d91accdd5fd88391ddd7d41f682155fe868f79000c264c2dbc1762e1780045e8d4dee704f5e0da80130727e57	daf0dc7bc9a1c10b3546f49fbb14b86c314538dc6b00e8bfc9e78f21a8b08a0db1882d7a95078dfb01cecce366ff5f15338f49160f57a00c90ee81c53dabc0de	true
canonical-escaped	SCRAM-SHA-512	70656e63696c	000102030405060708090a0b0c0d0e0f	4096	6e2c2c6e3d6573636170653d3243757365723d33446f6b2c723d7075626c6963436c69656e744e6f6e636530313233343536373839	723d7075626c6963436c69656e744e6f6e636530313233343536373839683664363435346e6e32763733793262373179307476706b682c733d41414543417751464267634943516f4c4441304f44773d3d2c693d34303936	633d626977732c723d7075626c6963436c69656e744e6f6e636530313233343536373839683664363435346e6e32763733793262373179307476706b682c703d4c697056314154424e2b375572303873666671396d617453584d584a443068424153306c51664669414266547979574f683554684c6d39416e56643854737445516c6c474e5267394e2f3241526b58654b3364624b513d3d	763d47453137516834354f62764a65646d6a704537315345426b463664695a4d6f75733671494b6270725649454e447a424f3662514a706f6d4f6d386c2f2f474b43786e3057396e666e54476d4f314d4a76366c634d4b673d3d	0c1ace8892c956465e33f958063ca7f0793f2d0d91accdd5fd88391ddd7d41f682155fe868f79000c264c2dbc1762e1780045e8d4dee704f5e0da80130727e57	daf0dc7bc9a1c10b3546f49fbb14b86c314538dc6b00e8bfc9e78f21a8b08a0db1882d7a95078dfb01cecce366ff5f15338f49160f57a00c90ee81c53dabc0de	true
canonical-self-authzid	SCRAM-SHA-512	70656e63696c	000102030405060708090a0b0c0d0e0f	4096	6e2c613d757365722c6e3d757365722c723d7075626c6963436c69656e744e6f6e636530313233343536373839	723d7075626c6963436c69656e744e6f6e636530313233343536373839683664363435346e6e32763733793262373179307476706b682c733d41414543417751464267634943516f4c4441304f44773d3d2c693d34303936	633d626978685058567a5a5849732c723d7075626c6963436c69656e744e6f6e636530313233343536373839683664363435346e6e32763733793262373179307476706b682c703d59756a666b68364b5258303653446c764236574346566a617a2b447372736251353732684468546b4d4f686177692b5a6a525766794d634f53676653712f4147665349664457744f566d53486d35346e6561644842413d3d	763d2f32723461307254664946353053744767374a6f624f517877374c3150786f675145744a4e6d414f69534a4268315550492f6b574d2b4439676d6336396a416b3272316d5667435979765464703439386b38545736513d3d	0c1ace8892c956465e33f958063ca7f0793f2d0d91accdd5fd88391ddd7d41f682155fe868f79000c264c2dbc1762e1780045e8d4dee704f5e0da80130727e57	daf0dc7bc9a1c10b3546f49fbb14b86c314538dc6b00e8bfc9e78f21a8b08a0db1882d7a95078dfb01cecce366ff5f15338f49160f57a00c90ee81c53dabc0de	true
canonical-iterations-max	SCRAM-SHA-512	70656e63696c	000102030405060708090a0b0c0d0e0f	16384	6e2c2c6e3d757365722c723d7075626c6963436c69656e744e6f6e636530313233343536373839	723d7075626c6963436c69656e744e6f6e636530313233343536373839683664363435346e6e32763733793262373179307476706b682c733d41414543417751464267634943516f4c4441304f44773d3d2c693d3136333834	633d626977732c723d7075626c6963436c69656e744e6f6e636530313233343536373839683664363435346e6e32763733793262373179307476706b682c703d6a4b674c3049484a763069366238626548384d5a643558635374627065426c432f4757382f2b3475634e786351776b7131436e71363878393837646e5873725475495a48324a6242755571305338357579326a5674413d3d	763d4668683241354c665934514f6e6b734a6d496c6f423356637a616d5743705156494c6641414930736e544562556633726e6c4a6a4246564c587548396851715a633742336f796536465542704c644c49306a616f72413d3d	a6cd923607b9489827095856fff402251934e4fad2aaeb25e096c6191e449a3bbfac7e24c460b6418ddb42b61310aabd2dbebb6623895a673dc04cbdaef38b3e	efdeeebeff54b692b814b6f40b07cd2c2d781523d2f609cd131ca1ca83e7644e636048ef1d5a7b70d500f8203dd0b0123530054b2d0c7b2a7d82e86981171b15	true
canonical-wrong-password	SCRAM-SHA-512	70656e63696c	000102030405060708090a0b0c0d0e0f	4096	6e2c2c6e3d757365722c723d7075626c6963436c69656e744e6f6e636530313233343536373839	723d7075626c6963436c69656e744e6f6e636530313233343536373839683664363435346e6e32763733793262373179307476706b682c733d41414543417751464267634943516f4c4441304f44773d3d2c693d34303936	633d626977732c723d7075626c6963436c69656e744e6f6e636530313233343536373839683664363435346e6e32763733793262373179307476706b682c703d6445663238414c304f51616d2b4d6f38743655474950376779736d4d61684c30704372475864304f7a356d5a776431686c2f6c72307473736e663948356e5774544565796e45674b2f4d536851436e4247342f6932773d3d		0c1ace8892c956465e33f958063ca7f0793f2d0d91accdd5fd88391ddd7d41f682155fe868f79000c264c2dbc1762e1780045e8d4dee704f5e0da80130727e57	daf0dc7bc9a1c10b3546f49fbb14b86c314538dc6b00e8bfc9e78f21a8b08a0db1882d7a95078dfb01cecce366ff5f15338f49160f57a00c90ee81c53dabc0de	false
canonical-proof-bitflip	SCRAM-SHA-512	70656e63696c	000102030405060708090a0b0c0d0e0f	4096	6e2c2c6e3d757365722c723d7075626c6963436c69656e744e6f6e636530313233343536373839	723d7075626c6963436c69656e744e6f6e636530313233343536373839683664363435346e6e32763733793262373179307476706b682c733d41414543417751464267634943516f4c4441304f44773d3d2c693d34303936	633d626977732c723d7075626c6963436c69656e744e6f6e636530313233343536373839683664363435346e6e32763733793262373179307476706b682c703d67304b565a75364c65674378456c586877634b4f51776454756f68707762796a426e513258596b4d6a7a4e3965387747766257425175574e6d43506f4f346d63315453634765543450327a51555856616144536935773d3d		0c1ace8892c956465e33f958063ca7f0793f2d0d91accdd5fd88391ddd7d41f682155fe868f79000c264c2dbc1762e1780045e8d4dee704f5e0da80130727e57	daf0dc7bc9a1c10b3546f49fbb14b86c314538dc6b00e8bfc9e78f21a8b08a0db1882d7a95078dfb01cecce366ff5f15338f49160f57a00c90ee81c53dabc0de	false
canonical-proof-short	SCRAM-SHA-512	70656e63696c	000102030405060708090a0b0c0d0e0f	4096	6e2c2c6e3d757365722c723d7075626c6963436c69656e744e6f6e636530313233343536373839	723d7075626c6963436c69656e744e6f6e636530313233343536373839683664363435346e6e32763733793262373179307476706b682c733d41414543417751464267634943516f4c4441304f44773d3d2c693d34303936	633d626977732c723d7075626c6963436c69656e744e6f6e636530313233343536373839683664363435346e6e32763733793262373179307476706b682c703d41413d3d		0c1ace8892c956465e33f958063ca7f0793f2d0d91accdd5fd88391ddd7d41f682155fe868f79000c264c2dbc1762e1780045e8d4dee704f5e0da80130727e57	daf0dc7bc9a1c10b3546f49fbb14b86c314538dc6b00e8bfc9e78f21a8b08a0db1882d7a95078dfb01cecce366ff5f15338f49160f57a00c90ee81c53dabc0de	false
canonical-wrong-final-nonce	SCRAM-SHA-512	70656e63696c	000102030405060708090a0b0c0d0e0f	4096	6e2c2c6e3d757365722c723d7075626c6963436c69656e744e6f6e636530313233343536373839	723d7075626c6963436c69656e744e6f6e636530313233343536373839683664363435346e6e32763733793262373179307476706b682c733d41414543417751464267634943516f4c4441304f44773d3d2c693d34303936	633d626977732c723d7075626c6963436c69656e744e6f6e636530313233343536373839683664363435346e6e32763733793262373179307476706b6877726f6e672c703d676b4b565a75364c65674378456c586877634b4f51776454756f68707762796a426e513258596b4d6a7a4e3965387747766257425175574e6d43506f4f346d63315453634765543450327a51555856616144536935773d3d		0c1ace8892c956465e33f958063ca7f0793f2d0d91accdd5fd88391ddd7d41f682155fe868f79000c264c2dbc1762e1780045e8d4dee704f5e0da80130727e57	daf0dc7bc9a1c10b3546f49fbb14b86c314538dc6b00e8bfc9e78f21a8b08a0db1882d7a95078dfb01cecce366ff5f15338f49160f57a00c90ee81c53dabc0de	false
canonical-proof-invalid-base64	SCRAM-SHA-512	70656e63696c	000102030405060708090a0b0c0d0e0f	4096	6e2c2c6e3d757365722c723d7075626c6963436c69656e744e6f6e636530313233343536373839	723d7075626c6963436c69656e744e6f6e636530313233343536373839683664363435346e6e32763733793262373179307476706b682c733d41414543417751464267634943516f4c4441304f44773d3d2c693d34303936	633d626977732c723d7075626c6963436c69656e744e6f6e636530313233343536373839683664363435346e6e32763733793262373179307476706b682c703d252525676b4b565a75364c65674378456c586877634b4f51776454756f68707762796a426e513258596b4d6a7a4e3965387747766257425175574e6d43506f4f346d63315453634765543450327a51555856616144536935773d3d		0c1ace8892c956465e33f958063ca7f0793f2d0d91accdd5fd88391ddd7d41f682155fe868f79000c264c2dbc1762e1780045e8d4dee704f5e0da80130727e57	daf0dc7bc9a1c10b3546f49fbb14b86c314538dc6b00e8bfc9e78f21a8b08a0db1882d7a95078dfb01cecce366ff5f15338f49160f57a00c90ee81c53dabc0de	false
canonical-unknown-user	SCRAM-SHA-512	70656e63696c	000102030405060708090a0b0c0d0e0f	4096	6e2c2c6e3d6d697373696e672c723d7075626c6963436c69656e744e6f6e636530313233343536373839				0c1ace8892c956465e33f958063ca7f0793f2d0d91accdd5fd88391ddd7d41f682155fe868f79000c264c2dbc1762e1780045e8d4dee704f5e0da80130727e57	daf0dc7bc9a1c10b3546f49fbb14b86c314538dc6b00e8bfc9e78f21a8b08a0db1882d7a95078dfb01cecce366ff5f15338f49160f57a00c90ee81c53dabc0de	false
canonical-empty-user	SCRAM-SHA-512	70656e63696c	000102030405060708090a0b0c0d0e0f	4096	6e2c2c6e3d2c723d7075626c6963436c69656e744e6f6e636530313233343536373839				0c1ace8892c956465e33f958063ca7f0793f2d0d91accdd5fd88391ddd7d41f682155fe868f79000c264c2dbc1762e1780045e8d4dee704f5e0da80130727e57	daf0dc7bc9a1c10b3546f49fbb14b86c314538dc6b00e8bfc9e78f21a8b08a0db1882d7a95078dfb01cecce366ff5f15338f49160f57a00c90ee81c53dabc0de	false
canonical-invalid-escape	SCRAM-SHA-512	70656e63696c	000102030405060708090a0b0c0d0e0f	4096	6e2c2c6e3d6261643d32586e616d652c723d7075626c6963436c69656e744e6f6e636530313233343536373839				0c1ace8892c956465e33f958063ca7f0793f2d0d91accdd5fd88391ddd7d41f682155fe868f79000c264c2dbc1762e1780045e8d4dee704f5e0da80130727e57	daf0dc7bc9a1c10b3546f49fbb14b86c314538dc6b00e8bfc9e78f21a8b08a0db1882d7a95078dfb01cecce366ff5f15338f49160f57a00c90ee81c53dabc0de	false
canonical-unsupported-binding	SCRAM-SHA-512	70656e63696c	000102030405060708090a0b0c0d0e0f	4096	703d746c732d7365727665722d656e642d706f696e742c2c6e3d757365722c723d7075626c6963436c69656e744e6f6e636530313233343536373839				0c1ace8892c956465e33f958063ca7f0793f2d0d91accdd5fd88391ddd7d41f682155fe868f79000c264c2dbc1762e1780045e8d4dee704f5e0da80130727e57	daf0dc7bc9a1c10b3546f49fbb14b86c314538dc6b00e8bfc9e78f21a8b08a0db1882d7a95078dfb01cecce366ff5f15338f49160f57a00c90ee81c53dabc0de	false
canonical-other-authzid	SCRAM-SHA-512	70656e63696c	000102030405060708090a0b0c0d0e0f	4096	6e2c613d6f746865722c6e3d757365722c723d7075626c6963436c69656e744e6f6e636530313233343536373839				0c1ace8892c956465e33f958063ca7f0793f2d0d91accdd5fd88391ddd7d41f682155fe868f79000c264c2dbc1762e1780045e8d4dee704f5e0da80130727e57	daf0dc7bc9a1c10b3546f49fbb14b86c314538dc6b00e8bfc9e78f21a8b08a0db1882d7a95078dfb01cecce366ff5f15338f49160f57a00c90ee81c53dabc0de	false
canonical-binding-unresigned	SCRAM-SHA-512	70656e63696c	000102030405060708090a0b0c0d0e0f	4096	6e2c2c6e3d757365722c723d7075626c6963436c69656e744e6f6e636530313233343536373839	723d7075626c6963436c69656e744e6f6e636530313233343536373839683664363435346e6e32763733793262373179307476706b682c733d41414543417751464267634943516f4c4441304f44773d3d2c693d34303936	633d655377732c723d7075626c6963436c69656e744e6f6e636530313233343536373839683664363435346e6e32763733793262373179307476706b682c703d676b4b565a75364c65674378456c586877634b4f51776454756f68707762796a426e513258596b4d6a7a4e3965387747766257425175574e6d43506f4f346d63315453634765543450327a51555856616144536935773d3d		0c1ace8892c956465e33f958063ca7f0793f2d0d91accdd5fd88391ddd7d41f682155fe868f79000c264c2dbc1762e1780045e8d4dee704f5e0da80130727e57	daf0dc7bc9a1c10b3546f49fbb14b86c314538dc6b00e8bfc9e78f21a8b08a0db1882d7a95078dfb01cecce366ff5f15338f49160f57a00c90ee81c53dabc0de	false
canonical-iterations-low	SCRAM-SHA-512	70656e63696c	000102030405060708090a0b0c0d0e0f	4095	6e2c2c6e3d757365722c723d7075626c6963436c69656e744e6f6e636530313233343536373839				b02ac547feed522a8fdb381e9ac394324e0ddcf5a55313f4117bcf0cacdeac0c66b068448e9c9ec06ea46b451792df64f1917768f8be05c22726a8d56c0a7b7b	8128244b14fc4f9bd76156db8d67fa91907c4e815c81f41bea38ef80c9f2fb20132c1a1d23873c6728d507590dae4bab99e044fd3100ef15aa39aaea89575a55	false
hardening-m	SCRAM-SHA-512	70656e63696c	000102030405060708090a0b0c0d0e0f	4096	6e2c2c6d3d72657175697265642c6e3d757365722c723d7075626c6963436c69656e744e6f6e636530313233343536373839	723d7075626c6963436c69656e744e6f6e636530313233343536373839683664363435346e6e32763733793262373179307476706b682c733d41414543417751464267634943516f4c4441304f44773d3d2c693d34303936	633d626977732c723d7075626c6963436c69656e744e6f6e636530313233343536373839683664363435346e6e32763733793262373179307476706b682c703d676b4b565a75364c65674378456c586877634b4f51776454756f68707762796a426e513258596b4d6a7a4e3965387747766257425175574e6d43506f4f346d63315453634765543450327a51555856616144536935773d3d	763d6a6844464a4175453832542f43774e52554969586b616c44584c4c556a73705661597436326674463644324f68727164695a5a75444e544c563173376f554a784a53355275563674353265443365516c4f732f3367413d3d	0c1ace8892c956465e33f958063ca7f0793f2d0d91accdd5fd88391ddd7d41f682155fe868f79000c264c2dbc1762e1780045e8d4dee704f5e0da80130727e57	daf0dc7bc9a1c10b3546f49fbb14b86c314538dc6b00e8bfc9e78f21a8b08a0db1882d7a95078dfb01cecce366ff5f15338f49160f57a00c90ee81c53dabc0de	true
hardening-first-duplicate	SCRAM-SHA-512	70656e63696c	000102030405060708090a0b0c0d0e0f	4096	6e2c2c6e3d757365722c723d7075626c6963436c69656e744e6f6e6365303132333435363738392c6e3d6f74686572	723d7075626c6963436c69656e744e6f6e636530313233343536373839683664363435346e6e32763733793262373179307476706b682c733d41414543417751464267634943516f4c4441304f44773d3d2c693d34303936	633d626977732c723d7075626c6963436c69656e744e6f6e636530313233343536373839683664363435346e6e32763733793262373179307476706b682c703d4b2b776268486436382f6a68454d527a7951395446595868793774313564752b314868426e745157513337622f734a6879547345306977416a6571727178674e5a58776c32515a2b364b474e394d554b6c6b396279773d3d	763d546c575a33502b7866694949306a4978723655645658656d726557462f54646c42447446484864305075706759474437706272765930335656563052646b4f656363466d4c775062516d4961557a482f434d426570413d3d	0c1ace8892c956465e33f958063ca7f0793f2d0d91accdd5fd88391ddd7d41f682155fe868f79000c264c2dbc1762e1780045e8d4dee704f5e0da80130727e57	daf0dc7bc9a1c10b3546f49fbb14b86c314538dc6b00e8bfc9e78f21a8b08a0db1882d7a95078dfb01cecce366ff5f15338f49160f57a00c90ee81c53dabc0de	true
hardening-final-duplicate	SCRAM-SHA-512	70656e63696c	000102030405060708090a0b0c0d0e0f	4096	6e2c2c6e3d757365722c723d7075626c6963436c69656e744e6f6e636530313233343536373839	723d7075626c6963436c69656e744e6f6e636530313233343536373839683664363435346e6e32763733793262373179307476706b682c733d41414543417751464267634943516f4c4441304f44773d3d2c693d34303936	633d626977732c723d7075626c6963436c69656e744e6f6e636530313233343536373839683664363435346e6e32763733793262373179307476706b682c723d6475706c69636174652c703d676b4b565a75364c65674378456c586877634b4f51776454756f68707762796a426e513258596b4d6a7a4e3965387747766257425175574e6d43506f4f346d63315453634765543450327a51555856616144536935773d3d	763d6a6844464a4175453832542f43774e52554969586b616c44584c4c556a73705661597436326674463644324f68727164695a5a75444e544c563173376f554a784a53355275563674353265443365516c4f732f3367413d3d	0c1ace8892c956465e33f958063ca7f0793f2d0d91accdd5fd88391ddd7d41f682155fe868f79000c264c2dbc1762e1780045e8d4dee704f5e0da80130727e57	daf0dc7bc9a1c10b3546f49fbb14b86c314538dc6b00e8bfc9e78f21a8b08a0db1882d7a95078dfb01cecce366ff5f15338f49160f57a00c90ee81c53dabc0de	true
hardening-binding-resigned	SCRAM-SHA-512	70656e63696c	000102030405060708090a0b0c0d0e0f	4096	6e2c2c6e3d757365722c723d7075626c6963436c69656e744e6f6e636530313233343536373839	723d7075626c6963436c69656e744e6f6e636530313233343536373839683664363435346e6e32763733793262373179307476706b682c733d41414543417751464267634943516f4c4441304f44773d3d2c693d34303936	633d655377732c723d7075626c6963436c69656e744e6f6e636530313233343536373839683664363435346e6e32763733793262373179307476706b682c703d303939577270497a756e474b51375850796c4f384c745a4c4d6e4c67495765663248474941675562396c5a4468707269626158392b4c504b79655377364b625048516754307a6e6c455649336c337077302b415555413d3d	763d453436705a7171644d714f71794a32616d63363279314c694a3935787a4c685767392b69775050755a385235414841674c624a35315141612f426333544f4858504f524b43734d572b35664a4f6a4265515330615a773d3d	0c1ace8892c956465e33f958063ca7f0793f2d0d91accdd5fd88391ddd7d41f682155fe868f79000c264c2dbc1762e1780045e8d4dee704f5e0da80130727e57	daf0dc7bc9a1c10b3546f49fbb14b86c314538dc6b00e8bfc9e78f21a8b08a0db1882d7a95078dfb01cecce366ff5f15338f49160f57a00c90ee81c53dabc0de	true
hardening-final-extension	SCRAM-SHA-512	70656e63696c	000102030405060708090a0b0c0d0e0f	4096	6e2c2c6e3d757365722c723d7075626c6963436c69656e744e6f6e636530313233343536373839	723d7075626c6963436c69656e744e6f6e636530313233343536373839683664363435346e6e32763733793262373179307476706b682c733d41414543417751464267634943516f4c4441304f44773d3d2c693d34303936	633d626977732c723d7075626c6963436c69656e744e6f6e636530313233343536373839683664363435346e6e32763733793262373179307476706b682c783d61646465642c703d676b4b565a75364c65674378456c586877634b4f51776454756f68707762796a426e513258596b4d6a7a4e3965387747766257425175574e6d43506f4f346d63315453634765543450327a51555856616144536935773d3d	763d6a6844464a4175453832542f43774e52554969586b616c44584c4c556a73705661597436326674463644324f68727164695a5a75444e544c563173376f554a784a53355275563674353265443365516c4f732f3367413d3d	0c1ace8892c956465e33f958063ca7f0793f2d0d91accdd5fd88391ddd7d41f682155fe868f79000c264c2dbc1762e1780045e8d4dee704f5e0da80130727e57	daf0dc7bc9a1c10b3546f49fbb14b86c314538dc6b00e8bfc9e78f21a8b08a0db1882d7a95078dfb01cecce366ff5f15338f49160f57a00c90ee81c53dabc0de	true
hardening-iterations-above-max	SCRAM-SHA-512	70656e63696c	000102030405060708090a0b0c0d0e0f	16385	6e2c2c6e3d757365722c723d7075626c6963436c69656e744e6f6e636530313233343536373839	723d7075626c6963436c69656e744e6f6e636530313233343536373839683664363435346e6e32763733793262373179307476706b682c733d41414543417751464267634943516f4c4441304f44773d3d2c693d3136333835	633d626977732c723d7075626c6963436c69656e744e6f6e636530313233343536373839683664363435346e6e32763733793262373179307476706b682c703d4c6a6e4477515530504471706c395730586d7357734851736d324d62534c4c7358516a33453634376268515a3849425a4e6d4c6f783871457831434557725861516b6f4b367965506e654755334a47684f58544832673d3d	763d706d59347a61645268455761506b5944784d784949456a7a482f734c4533475046707a4c336f4550786a6d312f586952736d35676249414935684d4f6a4f62555052577167672f79463956464f366a736d47433833773d3d	2a46249b7455e7a4d92cc9668a3659dd996d1479e078fc48b83e7ee4d815d4fd4397fcfc51ee50a5563ff8882d6cafdcf9aef455c3897d598189f01f41868c85	165ef59ec22e952dd3a98cac95876d662a464f1cc6359c2746a3d25fc3a5d618e720d1bec41025a5fd2187320e70515ff38b17c2758dd590133ce3b8e594724c	true
canonical-utf8-password	SCRAM-SHA-512	70c3a47373f09f92ab	000102030405060708090a0b0c0d0e0f	4096	6e2c2c6e3d757365722c723d7075626c6963436c69656e744e6f6e636530313233343536373839	723d7075626c6963436c69656e744e6f6e636530313233343536373839683664363435346e6e32763733793262373179307476706b682c733d41414543417751464267634943516f4c4441304f44773d3d2c693d34303936	633d626977732c723d7075626c6963436c69656e744e6f6e636530313233343536373839683664363435346e6e32763733793262373179307476706b682c703d3038356c2b39784563366e322b43715a4563375657577153556c4e2b426b6f4b7744693537684333692f504e3239444d793769556f754173682b4a6f714c4d71357345376b6f61554c452b53676c4c4b4b4a69514f673d3d	763d6c427567414f676e4b6f456f726f5370496c4b4d727a542f32442b78696e445739775a4d7067636164415758504674547a71552b6731304957366b5a69476b334537395a6754384d3063696c494b4b31467974766a673d3d	5f76b5dd20859be2a750c3433bb3e51d4df1bcd36f3b0abb265e4dffe54f00a75daa072eb881641692dc5aeb7682d114c8ec14b02443fc0e618fb488009ed9c3	7799648359979007488c7112a7468f34589d1369d91a1c3e4d308fa94060b1cfd2ec411620740e7738c51774f783c9bbe81be331d7ee94dd3d54d2835a170bcb	true
canonical-utf8-username	SCRAM-SHA-512	70c3a47373f09f92ab	000102030405060708090a0b0c0d0e0f	4096	6e2c2c6e3de794a8e688b72c723d7075626c6963436c69656e744e6f6e636530313233343536373839				5f76b5dd20859be2a750c3433bb3e51d4df1bcd36f3b0abb265e4dffe54f00a75daa072eb881641692dc5aeb7682d114c8ec14b02443fc0e618fb488009ed9c3	7799648359979007488c7112a7468f34589d1369d91a1c3e4d308fa94060b1cfd2ec411620740e7738c51774f783c9bbe81be331d7ee94dd3d54d2835a170bcb	false
