0	PRODUCE	3	13	13	false	false	false	broker	3:1:0,4:1:0,5:1:0,6:1:0,7:1:0,8:1:0,9:2:1,10:2:1,11:2:1,12:2:1,13:2:1
1	FETCH	4	18	18	false	false	false	broker,controller	4:1:0,5:1:0,6:1:0,7:1:0,8:1:0,9:1:0,10:1:0,11:1:0,12:2:1,13:2:1,14:2:1,15:2:1,16:2:1,17:2:1,18:2:1
2	LIST_OFFSETS	1	10	10	false	false	false	broker	1:1:0,2:1:0,3:1:0,4:1:0,5:1:0,6:2:1,7:2:1,8:2:1,9:2:1,10:2:1
3	METADATA	0	13	13	false	false	false	broker	0:1:0,1:1:0,2:1:0,3:1:0,4:1:0,5:1:0,6:1:0,7:1:0,8:1:0,9:2:1,10:2:1,11:2:1,12:2:1,13:2:1
4	LEADER_AND_ISR	0	-1	-1	true	false	false		
5	STOP_REPLICA	0	-1	-1	true	false	false		
6	UPDATE_METADATA	0	-1	-1	true	false	false		
7	CONTROLLED_SHUTDOWN	0	-1	-1	true	false	false		
8	OFFSET_COMMIT	2	10	9	false	false	true	broker	2:1:0,3:1:0,4:1:0,5:1:0,6:1:0,7:1:0,8:2:1,9:2:1,10:2:1
9	OFFSET_FETCH	1	10	9	false	false	true	broker	1:1:0,2:1:0,3:1:0,4:1:0,5:1:0,6:2:1,7:2:1,8:2:1,9:2:1,10:2:1
10	FIND_COORDINATOR	0	6	6	false	false	false	broker	0:1:0,1:1:0,2:1:0,3:2:1,4:2:1,5:2:1,6:2:1
11	JOIN_GROUP	0	9	9	false	false	false	broker	0:1:0,1:1:0,2:1:0,3:1:0,4:1:0,5:1:0,6:2:1,7:2:1,8:2:1,9:2:1
12	HEARTBEAT	0	4	4	false	false	false	broker	0:1:0,1:1:0,2:1:0,3:1:0,4:2:1
13	LEAVE_GROUP	0	5	5	false	false	false	broker	0:1:0,1:1:0,2:1:0,3:1:0,4:2:1,5:2:1
14	SYNC_GROUP	0	5	5	false	false	false	broker	0:1:0,1:1:0,2:1:0,3:1:0,4:2:1,5:2:1
15	DESCRIBE_GROUPS	0	6	6	false	false	false	broker	0:1:0,1:1:0,2:1:0,3:1:0,4:1:0,5:2:1,6:2:1
16	LIST_GROUPS	0	5	5	false	false	false	broker	0:1:0,1:1:0,2:1:0,3:2:1,4:2:1,5:2:1
17	SASL_HANDSHAKE	0	1	1	false	false	false	broker,controller	0:1:0,1:1:0
18	API_VERSIONS	0	4	4	false	false	false	broker,controller	0:1:0,1:1:0,2:1:0,3:2:0,4:2:0
19	CREATE_TOPICS	2	7	7	false	true	false	broker,controller	2:1:0,3:1:0,4:1:0,5:2:1,6:2:1,7:2:1
20	DELETE_TOPICS	1	6	6	false	true	false	broker,controller	1:1:0,2:1:0,3:1:0,4:2:1,5:2:1,6:2:1
21	DELETE_RECORDS	0	2	2	false	false	false	broker	0:1:0,1:1:0,2:2:1
22	INIT_PRODUCER_ID	0	6	5	false	false	true	broker	0:1:0,1:1:0,2:2:1,3:2:1,4:2:1,5:2:1,6:2:1
23	OFFSET_FOR_LEADER_EPOCH	2	4	4	false	false	false	broker	2:1:0,3:1:0,4:2:1
24	ADD_PARTITIONS_TO_TXN	0	5	5	false	false	false	broker	0:1:0,1:1:0,2:1:0,3:2:1,4:2:1,5:2:1
25	ADD_OFFSETS_TO_TXN	0	4	4	false	false	false	broker	0:1:0,1:1:0,2:1:0,3:2:1,4:2:1
26	END_TXN	0	5	5	false	false	false	broker	0:1:0,1:1:0,2:1:0,3:2:1,4:2:1,5:2:1
27	WRITE_TXN_MARKERS	1	1	1	true	false	false	broker	1:2:1
28	TXN_OFFSET_COMMIT	0	5	5	false	false	false	broker	0:1:0,1:1:0,2:1:0,3:2:1,4:2:1,5:2:1
29	DESCRIBE_ACLS	1	3	3	false	false	false	broker,controller	1:1:0,2:2:1,3:2:1
30	CREATE_ACLS	1	3	3	false	true	false	broker,controller	1:1:0,2:2:1,3:2:1
31	DELETE_ACLS	1	3	3	false	true	false	broker,controller	1:1:0,2:2:1,3:2:1
32	DESCRIBE_CONFIGS	1	4	4	false	false	false	broker,controller	1:1:0,2:1:0,3:1:0,4:2:1
33	ALTER_CONFIGS	0	2	2	false	true	false	broker,controller	0:1:0,1:1:0,2:2:1
34	ALTER_REPLICA_LOG_DIRS	1	2	2	false	false	false	broker	1:1:0,2:2:1
35	DESCRIBE_LOG_DIRS	1	4	4	false	false	false	broker	1:1:0,2:2:1,3:2:1,4:2:1
36	SASL_AUTHENTICATE	0	2	2	false	false	false	broker,controller	0:1:0,1:1:0,2:2:1
37	CREATE_PARTITIONS	0	3	3	false	true	false	broker,controller	0:1:0,1:1:0,2:2:1,3:2:1
38	CREATE_DELEGATION_TOKEN	1	3	3	false	true	false	broker,controller	1:1:0,2:2:1,3:2:1
39	RENEW_DELEGATION_TOKEN	1	2	2	false	true	false	broker,controller	1:1:0,2:2:1
40	EXPIRE_DELEGATION_TOKEN	1	2	2	false	true	false	broker,controller	1:1:0,2:2:1
41	DESCRIBE_DELEGATION_TOKEN	1	3	3	false	false	false	broker,controller	1:1:0,2:2:1,3:2:1
42	DELETE_GROUPS	0	2	2	false	false	false	broker	0:1:0,1:1:0,2:2:1
43	ELECT_LEADERS	0	2	2	false	true	false	broker,controller	0:1:0,1:1:0,2:2:1
44	INCREMENTAL_ALTER_CONFIGS	0	1	1	false	true	false	broker,controller	0:1:0,1:2:1
45	ALTER_PARTITION_REASSIGNMENTS	0	1	1	false	true	false	broker,controller	0:2:1,1:2:1
46	LIST_PARTITION_REASSIGNMENTS	0	0	0	false	true	false	broker,controller	0:2:1
47	OFFSET_DELETE	0	0	0	false	false	false	broker	0:1:0
48	DESCRIBE_CLIENT_QUOTAS	0	1	1	false	false	false	broker	0:1:0,1:2:1
49	ALTER_CLIENT_QUOTAS	0	1	1	false	true	false	broker,controller	0:1:0,1:2:1
50	DESCRIBE_USER_SCRAM_CREDENTIALS	0	0	0	false	false	false	broker,controller	0:2:1
51	ALTER_USER_SCRAM_CREDENTIALS	0	0	0	false	true	false	broker,controller	0:2:1
52	VOTE	0	2	2	true	false	false	controller	0:2:1,1:2:1,2:2:1
53	BEGIN_QUORUM_EPOCH	0	1	1	true	false	false	controller	0:1:0,1:2:1
54	END_QUORUM_EPOCH	0	1	1	true	false	false	controller	0:1:0,1:2:1
55	DESCRIBE_QUORUM	0	2	2	true	true	false	broker,controller	0:2:1,1:2:1,2:2:1
56	ALTER_PARTITION	2	3	3	true	false	false	controller	2:2:1,3:2:1
57	UPDATE_FEATURES	0	2	2	true	true	false	broker,controller	0:2:1,1:2:1,2:2:1
58	ENVELOPE	0	0	0	true	false	false	controller	0:2:1
59	FETCH_SNAPSHOT	0	1	1	false	false	false	controller	0:2:1,1:2:1
60	DESCRIBE_CLUSTER	0	2	2	false	false	false	broker,controller	0:2:1,1:2:1,2:2:1
61	DESCRIBE_PRODUCERS	0	0	0	false	false	false	broker	0:2:1
62	BROKER_REGISTRATION	0	4	4	true	false	false	controller	0:2:1,1:2:1,2:2:1,3:2:1,4:2:1
63	BROKER_HEARTBEAT	0	1	1	true	false	false	controller	0:2:1,1:2:1
64	UNREGISTER_BROKER	0	0	0	false	true	false	broker,controller	0:2:1
65	DESCRIBE_TRANSACTIONS	0	0	0	false	false	false	broker	0:2:1
66	LIST_TRANSACTIONS	0	2	2	false	false	false	broker	0:2:1,1:2:1,2:2:1
67	ALLOCATE_PRODUCER_IDS	0	0	0	true	true	false	controller	0:2:1
68	CONSUMER_GROUP_HEARTBEAT	0	1	1	false	false	false	broker	0:2:1,1:2:1
69	CONSUMER_GROUP_DESCRIBE	0	1	1	false	false	false	broker	0:2:1,1:2:1
70	CONTROLLER_REGISTRATION	0	0	0	false	false	false	controller	0:2:1
71	GET_TELEMETRY_SUBSCRIPTIONS	0	0	0	false	false	false	broker	0:2:1
72	PUSH_TELEMETRY	0	0	0	false	false	false	broker	0:2:1
73	ASSIGN_REPLICAS_TO_DIRS	0	0	0	false	false	false	controller	0:2:1
74	LIST_CONFIG_RESOURCES	0	1	1	false	false	false	broker	0:2:1,1:2:1
75	DESCRIBE_TOPIC_PARTITIONS	0	0	0	false	false	false	broker	0:2:1
76	SHARE_GROUP_HEARTBEAT	1	1	1	false	false	false	broker	1:2:1
77	SHARE_GROUP_DESCRIBE	1	1	1	false	false	false	broker	1:2:1
78	SHARE_FETCH	1	1	1	false	false	false	broker	1:2:1
79	SHARE_ACKNOWLEDGE	1	1	1	false	false	false	broker	1:2:1
80	ADD_RAFT_VOTER	0	0	0	false	true	false	broker,controller	0:2:1
81	REMOVE_RAFT_VOTER	0	0	0	false	true	false	broker,controller	0:2:1
82	UPDATE_RAFT_VOTER	0	0	0	false	false	false	controller	0:2:1
83	INITIALIZE_SHARE_GROUP_STATE	0	0	0	true	false	false	broker	0:2:1
84	READ_SHARE_GROUP_STATE	0	0	0	true	false	false	broker	0:2:1
85	WRITE_SHARE_GROUP_STATE	0	0	0	true	false	false	broker	0:2:1
86	DELETE_SHARE_GROUP_STATE	0	0	0	true	false	false	broker	0:2:1
87	READ_SHARE_GROUP_STATE_SUMMARY	0	0	0	true	false	false	broker	0:2:1
88	STREAMS_GROUP_HEARTBEAT	0	0	-1	false	false	true	broker	0:2:1
89	STREAMS_GROUP_DESCRIBE	0	0	-1	false	false	true	broker	0:2:1
90	DESCRIBE_SHARE_GROUP_OFFSETS	0	0	0	false	false	false	broker	0:2:1
91	ALTER_SHARE_GROUP_OFFSETS	0	0	0	false	false	false	broker	0:2:1
92	DELETE_SHARE_GROUP_OFFSETS	0	0	0	false	false	false	broker	0:2:1
