kind	name	accepted	complete_after_optional_retry	exception_class	extra
SCRAM-SHA-256	canonical-basic	true	true	none	valid_retry_after_failure=false
SCRAM-SHA-256	canonical-escaped	true	true	none	valid_retry_after_failure=false
SCRAM-SHA-256	canonical-self-authzid	true	true	none	valid_retry_after_failure=false
SCRAM-SHA-256	canonical-iterations-max	true	true	none	valid_retry_after_failure=false
SCRAM-SHA-256	canonical-wrong-password	false	false	SaslException	valid_retry_after_failure=false
SCRAM-SHA-256	canonical-proof-bitflip	false	false	SaslException	valid_retry_after_failure=false
SCRAM-SHA-256	canonical-proof-short	false	true	IllegalArgumentException	valid_retry_after_failure=true
SCRAM-SHA-256	canonical-wrong-final-nonce	false	false	SaslException	valid_retry_after_failure=false
SCRAM-SHA-256	canonical-proof-invalid-base64	false	false	SaslException	valid_retry_after_failure=false
SCRAM-SHA-256	canonical-unknown-user	false	false	SaslException	valid_retry_after_failure=false
SCRAM-SHA-256	canonical-empty-user	false	false	SaslException	valid_retry_after_failure=false
SCRAM-SHA-256	canonical-invalid-escape	false	false	SaslException	valid_retry_after_failure=false
SCRAM-SHA-256	canonical-unsupported-binding	false	false	SaslException	valid_retry_after_failure=false
SCRAM-SHA-256	canonical-other-authzid	false	false	SaslAuthenticationException	valid_retry_after_failure=false
SCRAM-SHA-256	canonical-binding-unresigned	false	false	SaslException	valid_retry_after_failure=false
SCRAM-SHA-256	canonical-iterations-low	false	false	SaslException	valid_retry_after_failure=false
SCRAM-SHA-256	hardening-m	true	true	none	valid_retry_after_failure=false
SCRAM-SHA-256	hardening-first-duplicate	true	true	none	valid_retry_after_failure=false
SCRAM-SHA-256	hardening-final-duplicate	true	true	none	valid_retry_after_failure=false
SCRAM-SHA-256	hardening-binding-resigned	true	true	none	valid_retry_after_failure=false
SCRAM-SHA-256	hardening-final-extension	true	true	none	valid_retry_after_failure=false
SCRAM-SHA-256	hardening-iterations-above-max	true	true	none	valid_retry_after_failure=false
SCRAM-SHA-512	canonical-basic	true	true	none	valid_retry_after_failure=false
SCRAM-SHA-512	canonical-escaped	true	true	none	valid_retry_after_failure=false
SCRAM-SHA-512	canonical-self-authzid	true	true	none	valid_retry_after_failure=false
SCRAM-SHA-512	canonical-iterations-max	true	true	none	valid_retry_after_failure=false
SCRAM-SHA-512	canonical-wrong-password	false	false	SaslException	valid_retry_after_failure=false
SCRAM-SHA-512	canonical-proof-bitflip	false	false	SaslException	valid_retry_after_failure=false
SCRAM-SHA-512	canonical-proof-short	false	true	IllegalArgumentException	valid_retry_after_failure=true
SCRAM-SHA-512	canonical-wrong-final-nonce	false	false	SaslException	valid_retry_after_failure=false
SCRAM-SHA-512	canonical-proof-invalid-base64	false	false	SaslException	valid_retry_after_failure=false
SCRAM-SHA-512	canonical-unknown-user	false	false	SaslException	valid_retry_after_failure=false
SCRAM-SHA-512	canonical-empty-user	false	false	SaslException	valid_retry_after_failure=false
SCRAM-SHA-512	canonical-invalid-escape	false	false	SaslException	valid_retry_after_failure=false
SCRAM-SHA-512	canonical-unsupported-binding	false	false	SaslException	valid_retry_after_failure=false
SCRAM-SHA-512	canonical-other-authzid	false	false	SaslAuthenticationException	valid_retry_after_failure=false
SCRAM-SHA-512	canonical-binding-unresigned	false	false	SaslException	valid_retry_after_failure=false
SCRAM-SHA-512	canonical-iterations-low	false	false	SaslException	valid_retry_after_failure=false
SCRAM-SHA-512	hardening-m	true	true	none	valid_retry_after_failure=false
SCRAM-SHA-512	hardening-first-duplicate	true	true	none	valid_retry_after_failure=false
SCRAM-SHA-512	hardening-final-duplicate	true	true	none	valid_retry_after_failure=false
SCRAM-SHA-512	hardening-binding-resigned	true	true	none	valid_retry_after_failure=false
SCRAM-SHA-512	hardening-final-extension	true	true	none	valid_retry_after_failure=false
SCRAM-SHA-512	hardening-iterations-above-max	true	true	none	valid_retry_after_failure=false
parser	canonical-first	true	false	none	client-first
parser	canonical-first-escaped	true	false	none	client-first
parser	canonical-self-authzid	true	false	none	client-first
parser	canonical-first-invalid-escape	false	false	SaslException	client-first
parser	canonical-first-empty-nonce	false	false	SaslException	client-first
parser	canonical-first-comma-nonce	false	false	SaslException	client-first
parser	canonical-first-binding-y	false	false	SaslException	client-first
parser	canonical-first-binding-p	false	false	SaslException	client-first
parser	hardening-first-m	true	false	none	client-first
parser	hardening-first-duplicate-n	true	false	none	client-first
parser	hardening-first-duplicate-r	true	false	none	client-first
parser	canonical-server-first	true	false	none	server-first
parser	canonical-server-first-zero	false	false	SaslException	server-first
parser	canonical-server-first-negative	false	false	SaslException	server-first
parser	canonical-server-first-overflow	false	false	SaslException	server-first
parser	canonical-server-first-bad-base64	false	false	SaslException	server-first
parser	hardening-server-first-one	true	false	none	server-first
parser	hardening-server-first-large	true	false	none	server-first
parser	hardening-server-first-empty-salt	true	false	none	server-first
parser	hardening-server-first-m	true	false	none	server-first
parser	hardening-server-first-duplicate-i	true	false	none	server-first
parser	canonical-client-final	true	false	none	client-final
parser	canonical-final-bad-base64	false	false	SaslException	client-final
parser	canonical-final-empty-nonce	false	false	SaslException	client-final
parser	hardening-final-empty-proof	true	false	none	client-final
parser	hardening-final-empty-binding	true	false	none	client-final
parser	hardening-final-y-binding	true	false	none	client-final
parser	hardening-final-duplicate-r	true	false	none	client-final
parser	hardening-final-duplicate-p	true	false	none	client-final
parser	canonical-server-final	true	false	none	server-final
parser	canonical-server-error	true	false	none	server-final
parser	canonical-server-both	false	false	SaslException	server-final
parser	canonical-server-bad-base64	false	false	SaslException	server-final
parser	hardening-server-empty-signature	true	false	none	server-final
parser	hardening-server-duplicate-v	true	false	none	server-final
parser	canonical-first-invalid-utf8	false	false	SaslException	client-first
PLAIN	canonical-basic	true	true	none	none
PLAIN	canonical-self-authzid	true	true	none	none
PLAIN	canonical-escaped-identity	true	true	none	none
PLAIN	canonical-wrong-password	false	false	SaslAuthenticationException	none
PLAIN	canonical-unknown-user	false	false	SaslAuthenticationException	none
PLAIN	canonical-other-authzid	false	false	SaslAuthenticationException	none
PLAIN	canonical-empty-user	false	false	SaslAuthenticationException	none
PLAIN	canonical-empty-password	false	false	SaslAuthenticationException	none
PLAIN	canonical-no-separator	false	false	SaslAuthenticationException	none
PLAIN	canonical-one-separator	false	false	SaslAuthenticationException	none
PLAIN	canonical-extra-separator	false	false	SaslAuthenticationException	none
rfc-raw-SCRAM-SHA-256	rfc-bound-optional-extensions	false	false	SaslException	6e2c2c6e3d757365722c723d7075626c6963436c69656e744e6f6e6365303132333435363738392c783d6669727374:723d7075626c6963436c69656e744e6f6e636530313233343536373839683664363435346e6e32763733793262373179307476706b682c733d41414543417751464267634943516f4c4441304f44773d3d2c693d34303936:633d626977732c723d7075626c6963436c69656e744e6f6e636530313233343536373839683664363435346e6e32763733793262373179307476706b682c783d626f756e642c703d327764516b3778494f77734473514c314e6a304141617637674e59357373315a654b65563374694e544f773d:763d48345555595578446145794e472f7541456937397a4c676f6d6f43346e4d4c38317276764441577a556c343d
rfc-raw-SCRAM-SHA-512	rfc-bound-optional-extensions	false	false	SaslException	6e2c2c6e3d757365722c723d7075626c6963436c69656e744e6f6e6365303132333435363738392c783d6669727374:723d7075626c6963436c69656e744e6f6e636530313233343536373839683664363435346e6e32763733793262373179307476706b682c733d41414543417751464267634943516f4c4441304f44773d3d2c693d34303936:633d626977732c723d7075626c6963436c69656e744e6f6e636530313233343536373839683664363435346e6e32763733793262373179307476706b682c783d626f756e642c703d646c4d642f615766697448442b6e4e5157477759375a47524f376b37414239312b6c2f7a6f68754c6c6a4e6441646d49303754715a5a596333664a5550575254485537644e4b754a75444c4a73336d774b44755439773d3d:763d4c6e4e312b35714346506f767379644a3678396446777a68337577416f6b2f574d6c6b7445324e614349504d3068612f3178323779495977573736334d6553644446627848554e51526b514367677735455533785a773d3d
client-SCRAM-SHA-256	valid	true	true	none	6e2c2c6e3d757365722c723d6a32753168366e66686c3175396b6d6967776764686d767970:723d6a32753168366e66686c3175396b6d6967776764686d767970683664363435346e6e32763733793262373179307476706b682c733d41414543417751464267634943516f4c4441304f44773d3d2c693d34303936:633d626977732c723d6a32753168366e66686c3175396b6d6967776764686d767970683664363435346e6e32763733793262373179307476706b682c703d6e6d5a395247616c4e53686f6a344e3330494e585962473744472b742f6c47564d626f36356c50764d78513d:763d41565863715341754e3032673958746849454b41766a49374c6c6f4a765a52304f32424631786172694a453d
client-SCRAM-SHA-256	bad-signature	false	false	SaslException	6e2c2c6e3d757365722c723d6a32753168366e66686c3175396b6d6967776764686d767970:723d6a32753168366e66686c3175396b6d6967776764686d767970683664363435346e6e32763733793262373179307476706b682c733d41414543417751464267634943516f4c4441304f44773d3d2c693d34303936:633d626977732c723d6a32753168366e66686c3175396b6d6967776764686d767970683664363435346e6e32763733793262373179307476706b682c703d6e6d5a395247616c4e53686f6a344e3330494e585962473744472b742f6c47564d626f36356c50764d78513d:763d41465863715341754e3032673958746849454b41766a49374c6c6f4a765a52304f32424631786172694a453d
client-SCRAM-SHA-256	server-error	false	false	SaslException	6e2c2c6e3d757365722c723d6a32753168366e66686c3175396b6d6967776764686d767970:723d6a32753168366e66686c3175396b6d6967776764686d767970683664363435346e6e32763733793262373179307476706b682c733d41414543417751464267634943516f4c4441304f44773d3d2c693d34303936:633d626977732c723d6a32753168366e66686c3175396b6d6967776764686d767970683664363435346e6e32763733793262373179307476706b682c703d6e6d5a395247616c4e53686f6a344e3330494e585962473744472b742f6c47564d626f36356c50764d78513d:653d696e76616c69642d70726f6f66
client-SCRAM-SHA-256	empty-signature	false	false	SaslException	6e2c2c6e3d757365722c723d6a32753168366e66686c3175396b6d6967776764686d767970:723d6a32753168366e66686c3175396b6d6967776764686d767970683664363435346e6e32763733793262373179307476706b682c733d41414543417751464267634943516f4c4441304f44773d3d2c693d34303936:633d626977732c723d6a32753168366e66686c3175396b6d6967776764686d767970683664363435346e6e32763733793262373179307476706b682c703d6e6d5a395247616c4e53686f6a344e3330494e585962473744472b742f6c47564d626f36356c50764d78513d:763d
client-SCRAM-SHA-256	bad-nonce	false	false	SaslException	6e2c2c6e3d757365722c723d6a32753168366e66686c3175396b6d6967776764686d767970:723d77726f6e676a32753168366e66686c3175396b6d6967776764686d767970683664363435346e6e32763733793262373179307476706b682c733d41414543417751464267634943516f4c4441304f44773d3d2c693d34303936::
client-SCRAM-SHA-256	low-iterations	false	false	SaslException	6e2c2c6e3d757365722c723d6a32753168366e66686c3175396b6d6967776764686d767970:723d6a32753168366e66686c3175396b6d6967776764686d767970683664363435346e6e32763733793262373179307476706b682c733d41414543417751464267634943516f4c4441304f44773d3d2c693d34303935::
client-SCRAM-SHA-512	valid	true	true	none	6e2c2c6e3d757365722c723d6a32753168366e66686c3175396b6d6967776764686d767970:723d6a32753168366e66686c3175396b6d6967776764686d767970683664363435346e6e32763733793262373179307476706b682c733d41414543417751464267634943516f4c4441304f44773d3d2c693d34303936:633d626977732c723d6a32753168366e66686c3175396b6d6967776764686d767970683664363435346e6e32763733793262373179307476706b682c703d4e452f4d543465384345727754666b2b55537567766a5859756a677832564531432f696578476658434a36785070757668397373385a4137544e3461526b6c45736f384175326156336f517937536551625564546e513d3d:763d475a3131726b4b707a37747753507262384e6c68345a2f6a7179516152336b46583678754a4d396b7557674e617857672f444f624f69416f4d47326537524e304d5a6877492b654230433951543544534b76646c6c413d3d
client-SCRAM-SHA-512	bad-signature	false	false	SaslException	6e2c2c6e3d757365722c723d6a32753168366e66686c3175396b6d6967776764686d767970:723d6a32753168366e66686c3175396b6d6967776764686d767970683664363435346e6e32763733793262373179307476706b682c733d41414543417751464267634943516f4c4441304f44773d3d2c693d34303936:633d626977732c723d6a32753168366e66686c3175396b6d6967776764686d767970683664363435346e6e32763733793262373179307476706b682c703d4e452f4d543465384345727754666b2b55537567766a5859756a677832564531432f696578476658434a36785070757668397373385a4137544e3461526b6c45736f384175326156336f517937536551625564546e513d3d:763d474a3131726b4b707a37747753507262384e6c68345a2f6a7179516152336b46583678754a4d396b7557674e617857672f444f624f69416f4d47326537524e304d5a6877492b654230433951543544534b76646c6c413d3d
client-SCRAM-SHA-512	server-error	false	false	SaslException	6e2c2c6e3d757365722c723d6a32753168366e66686c3175396b6d6967776764686d767970:723d6a32753168366e66686c3175396b6d6967776764686d767970683664363435346e6e32763733793262373179307476706b682c733d41414543417751464267634943516f4c4441304f44773d3d2c693d34303936:633d626977732c723d6a32753168366e66686c3175396b6d6967776764686d767970683664363435346e6e32763733793262373179307476706b682c703d4e452f4d543465384345727754666b2b55537567766a5859756a677832564531432f696578476658434a36785070757668397373385a4137544e3461526b6c45736f384175326156336f517937536551625564546e513d3d:653d696e76616c69642d70726f6f66
client-SCRAM-SHA-512	empty-signature	false	false	SaslException	6e2c2c6e3d757365722c723d6a32753168366e66686c3175396b6d6967776764686d767970:723d6a32753168366e66686c3175396b6d6967776764686d767970683664363435346e6e32763733793262373179307476706b682c733d41414543417751464267634943516f4c4441304f44773d3d2c693d34303936:633d626977732c723d6a32753168366e66686c3175396b6d6967776764686d767970683664363435346e6e32763733793262373179307476706b682c703d4e452f4d543465384345727754666b2b55537567766a5859756a677832564531432f696578476658434a36785070757668397373385a4137544e3461526b6c45736f384175326156336f517937536551625564546e513d3d:763d
client-SCRAM-SHA-512	bad-nonce	false	false	SaslException	6e2c2c6e3d757365722c723d6a32753168366e66686c3175396b6d6967776764686d767970:723d77726f6e676a32753168366e66686c3175396b6d6967776764686d767970683664363435346e6e32763733793262373179307476706b682c733d41414543417751464267634943516f4c4441304f44773d3d2c693d34303936::
client-SCRAM-SHA-512	low-iterations	false	false	SaslException	6e2c2c6e3d757365722c723d6a32753168366e66686c3175396b6d6967776764686d767970:723d6a32753168366e66686c3175396b6d6967776764686d767970683664363435346e6e32763733793262373179307476706b682c733d41414543417751464267634943516f4c4441304f44773d3d2c693d34303935::
