	false
2e	false
2e2e	false
61	true
616263	true
612e62	true
615f62	true
612d62	true
41305a	true
2e2e61	true
612e2e	true
2e2e2e	true
612f62	false
615c62	false
2e2e2f61	false
612062	false
2061	false
6120	false
610062	false
610a62	false
c3a9	false
f09f9982	false
616161616161616161616161616161616161616161616161616161616161616161616161616161616161616161616161616161616161616161616161616161616161616161616161616161616161616161616161616161616161616161616161616161616161616161616161616161616161616161616161616161616161616161616161616161616161616161616161616161616161616161616161616161616161616161616161616161616161616161616161616161616161616161616161616161616161616161616161616161616161616161616161616161616161616161616161616161616161616161616161616161616161616161	true
61616161616161616161616161616161616161616161616161616161616161616161616161616161616161616161616161616161616161616161616161616161616161616161616161616161616161616161616161616161616161616161616161616161616161616161616161616161616161616161616161616161616161616161616161616161616161616161616161616161616161616161616161616161616161616161616161616161616161616161616161616161616161616161616161616161616161616161616161616161616161616161616161616161616161616161616161616161616161616161616161616161616161616161	false
5f5f636f6e73756d65725f6f666673657473	true
5f5f7472616e73616374696f6e5f7374617465	true
5f5f73686172655f67726f75705f7374617465	true
5f5f636c75737465725f6d65746164617461	true
2d	true
