record_id,latency_us
0,1141031.080
6,1141045.843
12,1141043.960
18,1141042.878
24,1141041.707
30,1141040.444
36,1141039.242
42,1141037.731
48,1141037.159
54,1141036.148
60,1141035.136
66,1141033.945
72,1141032.723
78,1141031.491
84,1141030.149
90,1141028.937
96,1141027.625
102,1141026.553
108,1141025.452
114,1141024.310
120,1141023.029
126,1141021.916
132,1141020.635
138,1141019.463
144,1141018.141
150,1141017.150
156,1141015.847
162,1141014.626
168,1141013.214
174,1141011.981
180,1141010.670
186,1141009.518
192,1141008.266
198,1141007.074
204,1141005.693
210,1141004.350
216,1141002.959
222,1141001.616
228,1141000.415
234,1140999.313
240,1140997.910
246,1140996.599
252,1140995.226
1,1141883.317
7,1141883.156
13,1141881.353
19,1141880.373
25,1141879.250
31,1141878.139
37,1141876.897
43,1141875.605
49,1141874.183
55,1141873.131
61,1141871.900
67,1141870.657
73,1141869.246
79,1141867.913
85,1141866.472
91,1141865.149
97,1141863.707
103,1141862.415
109,1141861.203
115,1141859.932
121,1141858.679
127,1141857.478
133,1141855.915
139,1141854.493
145,1141853.082
151,1141851.829
157,1141850.478
163,1141849.386
169,1141847.954
175,1141846.642
181,1141845.229
187,1141843.787
193,1141842.345
199,1141841.114
205,1141839.701
211,1141838.450
217,1141837.067
223,1141835.856
229,1141834.483
235,1141833.122
241,1141831.699
247,1141830.258
253,1141828.885
2,1142825.217
8,1142825.587
14,1142824.336
20,1142823.194
26,1142821.882
32,1142820.720
38,1142819.668
44,1142818.287
50,1142816.974
56,1142815.563
62,1142814.190
68,1142812.789
74,1142811.386
80,1142809.965
86,1142808.652
92,1142807.211
98,1142805.918
104,1142804.517
110,1142803.204
116,1142801.852
122,1142800.430
128,1142799.048
134,1142797.556
140,1142795.943
146,1142794.541
152,1142793.179
158,1142791.777
164,1142790.345
170,1142788.963
176,1142787.541
182,1142786.139
188,1142784.717
194,1142783.294
200,1142781.832
206,1142780.390
212,1142778.978
218,1142777.526
224,1142776.103
230,1142774.702
236,1142773.319
242,1142771.888
248,1142770.455
254,1142769.194
3,1143521.690
9,1143521.811
15,1143520.658
21,1143519.667
27,1143518.525
33,1143517.364
39,1143516.082
45,1143515.000
51,1143513.748
57,1143512.346
63,1143511.024
69,1143509.702
75,1143508.330
81,1143506.938
87,1143505.516
93,1143504.214
99,1143502.782
105,1143501.650
111,1143500.248
117,1143498.876
123,1143497.474
129,1143496.152
135,1143494.469
141,1143492.957
147,1143491.525
153,1143490.183
159,1143489.091
165,1143487.729
171,1143486.287
177,1143484.965
183,1143483.523
189,1143482.131
195,1143480.719
201,1143479.297
207,1143477.874
213,1143476.452
219,1143475.130
225,1143473.718
231,1143472.396
237,1143470.984
243,1143469.542
249,1143468.100
255,1143466.738
4,1144727.466
10,1144727.696
16,1144726.554
22,1144725.603
28,1144724.401
34,1144723.319
40,1144721.968
46,1144720.645
52,1144719.254
58,1144718.012
64,1144716.769
70,1144715.508
76,1144714.266
82,1144712.864
88,1144711.421
94,1144710.000
100,1144708.617
106,1144707.246
112,1144705.813
118,1144704.412
124,1144702.999
130,1144701.577
136,1144699.895
142,1144698.382
148,1144697.100
154,1144695.708
160,1144694.306
166,1144692.894
172,1144691.452
178,1144690.020
184,1144688.627
190,1144687.216
196,1144685.773
202,1144684.352
208,1144682.929
214,1144681.477
220,1144680.045
226,1144678.642
232,1144677.201
238,1144675.798
244,1144674.356
250,1144672.954
5,1145661.674
11,1145661.644
17,1145660.854
23,1145659.772
29,1145658.720
35,1145657.569
41,1145656.196
47,1145654.965
53,1145653.522
59,1145652.221
65,1145650.859
71,1145649.487
77,1145648.064
83,1145646.672
89,1145645.230
95,1145643.818
101,1145642.556
107,1145641.164
113,1145639.862
119,1145638.470
125,1145637.038
131,1145635.556
137,1145634.033
143,1145632.522
149,1145631.109
155,1145629.736
161,1145628.325
167,1145626.912
173,1145625.461
179,1145624.068
185,1145622.667
191,1145621.264
197,1145619.842
203,1145618.410
209,1145617.018
215,1145615.616
221,1145614.214
227,1145612.771
233,1145611.349
239,1145609.897
245,1145608.475
251,1145607.063
